{"name":"Log","hostname":"raspb5","pid":142674,"level":30,"version":"5.118.1","msg":"Ghost is running in development...","time":"2025-05-02T11:15:12.525Z","v":0}
{"name":"Log","hostname":"raspb5","pid":142674,"level":30,"version":"5.118.1","msg":"Listening on: 127.0.0.1:2368","time":"2025-05-02T11:15:12.526Z","v":0}
{"name":"Log","hostname":"raspb5","pid":142674,"level":30,"version":"5.118.1","msg":"Url configured as: http://localhost:2368/","time":"2025-05-02T11:15:12.528Z","v":0}
{"name":"Log","hostname":"raspb5","pid":142674,"level":30,"version":"5.118.1","msg":"Ctrl+C to shut down","time":"2025-05-02T11:15:12.528Z","v":0}
{"name":"Log","hostname":"raspb5","pid":142674,"level":30,"version":"5.118.1","msg":"Ghost server started in 0.527s","time":"2025-05-02T11:15:12.530Z","v":0}
{"name":"Log","hostname":"raspb5","pid":142674,"level":40,"version":"5.118.1","msg":"Database state requires initialisation.","time":"2025-05-02T11:15:12.728Z","v":0}
{"name":"Log","hostname":"raspb5","pid":142674,"level":30,"version":"5.118.1","msg":"Creating table: newsletters","time":"2025-05-02T11:15:12.997Z","v":0}
{"name":"Log","hostname":"raspb5","pid":142674,"level":30,"version":"5.118.1","msg":"Creating table: posts","time":"2025-05-02T11:15:13.011Z","v":0}
{"name":"Log","hostname":"raspb5","pid":142674,"level":30,"version":"5.118.1","msg":"Creating table: posts_meta","time":"2025-05-02T11:15:13.031Z","v":0}
{"name":"Log","hostname":"raspb5","pid":142674,"level":30,"version":"5.118.1","msg":"Creating table: users","time":"2025-05-02T11:15:13.039Z","v":0}
{"name":"Log","hostname":"raspb5","pid":142674,"level":30,"version":"5.118.1","msg":"Creating table: posts_authors","time":"2025-05-02T11:15:13.049Z","v":0}
{"name":"Log","hostname":"raspb5","pid":142674,"level":30,"version":"5.118.1","msg":"Creating table: roles","time":"2025-05-02T11:15:13.054Z","v":0}
{"name":"Log","hostname":"raspb5","pid":142674,"level":30,"version":"5.118.1","msg":"Creating table: roles_users","time":"2025-05-02T11:15:13.061Z","v":0}
{"name":"Log","hostname":"raspb5","pid":142674,"level":30,"version":"5.118.1","msg":"Creating table: permissions","time":"2025-05-02T11:15:13.065Z","v":0}
{"name":"Log","hostname":"raspb5","pid":142674,"level":30,"version":"5.118.1","msg":"Creating table: permissions_users","time":"2025-05-02T11:15:13.073Z","v":0}
{"name":"Log","hostname":"raspb5","pid":142674,"level":30,"version":"5.118.1","msg":"Creating table: permissions_roles","time":"2025-05-02T11:15:13.077Z","v":0}
{"name":"Log","hostname":"raspb5","pid":142674,"level":30,"version":"5.118.1","msg":"Creating table: settings","time":"2025-05-02T11:15:13.081Z","v":0}
{"name":"Log","hostname":"raspb5","pid":142674,"level":30,"version":"5.118.1","msg":"Creating table: tags","time":"2025-05-02T11:15:13.088Z","v":0}
{"name":"Log","hostname":"raspb5","pid":142674,"level":30,"version":"5.118.1","msg":"Creating table: posts_tags","time":"2025-05-02T11:15:13.096Z","v":0}
{"name":"Log","hostname":"raspb5","pid":142674,"level":30,"version":"5.118.1","msg":"Creating table: invites","time":"2025-05-02T11:15:13.104Z","v":0}
{"name":"Log","hostname":"raspb5","pid":142674,"level":30,"version":"5.118.1","msg":"Creating table: brute","time":"2025-05-02T11:15:13.116Z","v":0}
{"name":"Log","hostname":"raspb5","pid":142674,"level":30,"version":"5.118.1","msg":"Creating table: sessions","time":"2025-05-02T11:15:13.121Z","v":0}
{"name":"Log","hostname":"raspb5","pid":142674,"level":30,"version":"5.118.1","msg":"Creating table: integrations","time":"2025-05-02T11:15:13.128Z","v":0}
{"name":"Log","hostname":"raspb5","pid":142674,"level":30,"version":"5.118.1","msg":"Creating table: webhooks","time":"2025-05-02T11:15:13.137Z","v":0}
{"name":"Log","hostname":"raspb5","pid":142674,"level":30,"version":"5.118.1","msg":"Creating table: api_keys","time":"2025-05-02T11:15:13.141Z","v":0}
{"name":"Log","hostname":"raspb5","pid":142674,"level":30,"version":"5.118.1","msg":"Creating table: mobiledoc_revisions","time":"2025-05-02T11:15:13.149Z","v":0}
{"name":"Log","hostname":"raspb5","pid":142674,"level":30,"version":"5.118.1","msg":"Creating table: post_revisions","time":"2025-05-02T11:15:13.156Z","v":0}
{"name":"Log","hostname":"raspb5","pid":142674,"level":30,"version":"5.118.1","msg":"Creating table: members","time":"2025-05-02T11:15:13.164Z","v":0}
{"name":"Log","hostname":"raspb5","pid":142674,"level":30,"version":"5.118.1","msg":"Creating table: products","time":"2025-05-02T11:15:13.183Z","v":0}
{"name":"Log","hostname":"raspb5","pid":142674,"level":30,"version":"5.118.1","msg":"Creating table: offers","time":"2025-05-02T11:15:13.190Z","v":0}
{"name":"Log","hostname":"raspb5","pid":142674,"level":30,"version":"5.118.1","msg":"Creating table: benefits","time":"2025-05-02T11:15:13.207Z","v":0}
{"name":"Log","hostname":"raspb5","pid":142674,"level":30,"version":"5.118.1","msg":"Creating table: products_benefits","time":"2025-05-02T11:15:13.214Z","v":0}
{"name":"Log","hostname":"raspb5","pid":142674,"level":30,"version":"5.118.1","msg":"Creating table: members_products","time":"2025-05-02T11:15:13.218Z","v":0}
{"name":"Log","hostname":"raspb5","pid":142674,"level":30,"version":"5.118.1","msg":"Creating table: posts_products","time":"2025-05-02T11:15:13.221Z","v":0}
{"name":"Log","hostname":"raspb5","pid":142674,"level":30,"version":"5.118.1","msg":"Creating table: members_created_events","time":"2025-05-02T11:15:13.225Z","v":0}
{"name":"Log","hostname":"raspb5","pid":142674,"level":30,"version":"5.118.1","msg":"Creating table: members_cancel_events","time":"2025-05-02T11:15:13.232Z","v":0}
{"name":"Log","hostname":"raspb5","pid":142674,"level":30,"version":"5.118.1","msg":"Creating table: members_payment_events","time":"2025-05-02T11:15:13.236Z","v":0}
{"name":"Log","hostname":"raspb5","pid":142674,"level":30,"version":"5.118.1","msg":"Creating table: members_login_events","time":"2025-05-02T11:15:13.241Z","v":0}
{"name":"Log","hostname":"raspb5","pid":142674,"level":30,"version":"5.118.1","msg":"Creating table: members_email_change_events","time":"2025-05-02T11:15:13.245Z","v":0}
{"name":"Log","hostname":"raspb5","pid":142674,"level":30,"version":"5.118.1","msg":"Creating table: members_status_events","time":"2025-05-02T11:15:13.249Z","v":0}
{"name":"Log","hostname":"raspb5","pid":142674,"level":30,"version":"5.118.1","msg":"Creating table: members_product_events","time":"2025-05-02T11:15:13.253Z","v":0}
{"name":"Log","hostname":"raspb5","pid":142674,"level":30,"version":"5.118.1","msg":"Creating table: members_paid_subscription_events","time":"2025-05-02T11:15:13.257Z","v":0}
{"name":"Log","hostname":"raspb5","pid":142674,"level":30,"version":"5.118.1","msg":"Creating table: labels","time":"2025-05-02T11:15:13.261Z","v":0}
{"name":"Log","hostname":"raspb5","pid":142674,"level":30,"version":"5.118.1","msg":"Creating table: members_labels","time":"2025-05-02T11:15:13.269Z","v":0}
{"name":"Log","hostname":"raspb5","pid":142674,"level":30,"version":"5.118.1","msg":"Creating table: members_stripe_customers","time":"2025-05-02T11:15:13.273Z","v":0}
{"name":"Log","hostname":"raspb5","pid":142674,"level":30,"version":"5.118.1","msg":"Creating table: subscriptions","time":"2025-05-02T11:15:13.280Z","v":0}
{"name":"Log","hostname":"raspb5","pid":142674,"level":30,"version":"5.118.1","msg":"Creating table: members_stripe_customers_subscriptions","time":"2025-05-02T11:15:13.284Z","v":0}
{"name":"Log","hostname":"raspb5","pid":142674,"level":30,"version":"5.118.1","msg":"Creating table: members_subscription_created_events","time":"2025-05-02T11:15:13.296Z","v":0}
{"name":"Log","hostname":"raspb5","pid":142674,"level":30,"version":"5.118.1","msg":"Creating table: offer_redemptions","time":"2025-05-02T11:15:13.304Z","v":0}
{"name":"Log","hostname":"raspb5","pid":142674,"level":30,"version":"5.118.1","msg":"Creating table: members_subscribe_events","time":"2025-05-02T11:15:13.308Z","v":0}
{"name":"Log","hostname":"raspb5","pid":142674,"level":30,"version":"5.118.1","msg":"Creating table: donation_payment_events","time":"2025-05-02T11:15:13.312Z","v":0}
{"name":"Log","hostname":"raspb5","pid":142674,"level":30,"version":"5.118.1","msg":"Creating table: stripe_products","time":"2025-05-02T11:15:13.316Z","v":0}
{"name":"Log","hostname":"raspb5","pid":142674,"level":30,"version":"5.118.1","msg":"Creating table: stripe_prices","time":"2025-05-02T11:15:13.323Z","v":0}
{"name":"Log","hostname":"raspb5","pid":142674,"level":30,"version":"5.118.1","msg":"Creating table: actions","time":"2025-05-02T11:15:13.330Z","v":0}
{"name":"Log","hostname":"raspb5","pid":142674,"level":30,"version":"5.118.1","msg":"Creating table: emails","time":"2025-05-02T11:15:13.333Z","v":0}
{"name":"Log","hostname":"raspb5","pid":142674,"level":30,"version":"5.118.1","msg":"Creating table: email_batches","time":"2025-05-02T11:15:13.344Z","v":0}
{"name":"Log","hostname":"raspb5","pid":142674,"level":30,"version":"5.118.1","msg":"Creating table: email_recipients","time":"2025-05-02T11:15:13.349Z","v":0}
{"name":"Log","hostname":"raspb5","pid":142674,"level":30,"version":"5.118.1","msg":"Creating table: email_recipient_failures","time":"2025-05-02T11:15:13.368Z","v":0}
{"name":"Log","hostname":"raspb5","pid":142674,"level":30,"version":"5.118.1","msg":"Creating table: tokens","time":"2025-05-02T11:15:13.372Z","v":0}
{"name":"Log","hostname":"raspb5","pid":142674,"level":30,"version":"5.118.1","msg":"Creating table: snippets","time":"2025-05-02T11:15:13.380Z","v":0}
{"name":"Log","hostname":"raspb5","pid":142674,"level":30,"version":"5.118.1","msg":"Creating table: custom_theme_settings","time":"2025-05-02T11:15:13.387Z","v":0}
{"name":"Log","hostname":"raspb5","pid":142674,"level":30,"version":"5.118.1","msg":"Creating table: members_newsletters","time":"2025-05-02T11:15:13.391Z","v":0}
{"name":"Log","hostname":"raspb5","pid":142674,"level":30,"version":"5.118.1","msg":"Creating table: comments","time":"2025-05-02T11:15:13.398Z","v":0}
{"name":"Log","hostname":"raspb5","pid":142674,"level":30,"version":"5.118.1","msg":"Creating table: comment_likes","time":"2025-05-02T11:15:13.403Z","v":0}
{"name":"Log","hostname":"raspb5","pid":142674,"level":30,"version":"5.118.1","msg":"Creating table: comment_reports","time":"2025-05-02T11:15:13.409Z","v":0}
{"name":"Log","hostname":"raspb5","pid":142674,"level":30,"version":"5.118.1","msg":"Creating table: jobs","time":"2025-05-02T11:15:13.413Z","v":0}
{"name":"Log","hostname":"raspb5","pid":142674,"level":30,"version":"5.118.1","msg":"Creating table: redirects","time":"2025-05-02T11:15:13.420Z","v":0}
{"name":"Log","hostname":"raspb5","pid":142674,"level":30,"version":"5.118.1","msg":"Creating table: members_click_events","time":"2025-05-02T11:15:13.428Z","v":0}
{"name":"Log","hostname":"raspb5","pid":142674,"level":30,"version":"5.118.1","msg":"Creating table: members_feedback","time":"2025-05-02T11:15:13.432Z","v":0}
{"name":"Log","hostname":"raspb5","pid":142674,"level":30,"version":"5.118.1","msg":"Creating table: suppressions","time":"2025-05-02T11:15:13.437Z","v":0}
{"name":"Log","hostname":"raspb5","pid":142674,"level":30,"version":"5.118.1","msg":"Creating table: email_spam_complaint_events","time":"2025-05-02T11:15:13.444Z","v":0}
{"name":"Log","hostname":"raspb5","pid":142674,"level":30,"version":"5.118.1","msg":"Creating table: mentions","time":"2025-05-02T11:15:13.451Z","v":0}
{"name":"Log","hostname":"raspb5","pid":142674,"level":30,"version":"5.118.1","msg":"Creating table: milestones","time":"2025-05-02T11:15:13.455Z","v":0}
{"name":"Log","hostname":"raspb5","pid":142674,"level":30,"version":"5.118.1","msg":"Creating table: temp_mail_events","time":"2025-05-02T11:15:13.459Z","v":0}
{"name":"Log","hostname":"raspb5","pid":142674,"level":30,"version":"5.118.1","msg":"Creating table: collections","time":"2025-05-02T11:15:13.475Z","v":0}
{"name":"Log","hostname":"raspb5","pid":142674,"level":30,"version":"5.118.1","msg":"Creating table: collections_posts","time":"2025-05-02T11:15:13.481Z","v":0}
{"name":"Log","hostname":"raspb5","pid":142674,"level":30,"version":"5.118.1","msg":"Creating table: recommendations","time":"2025-05-02T11:15:13.485Z","v":0}
{"name":"Log","hostname":"raspb5","pid":142674,"level":30,"version":"5.118.1","msg":"Creating table: recommendation_click_events","time":"2025-05-02T11:15:13.489Z","v":0}
{"name":"Log","hostname":"raspb5","pid":142674,"level":30,"version":"5.118.1","msg":"Creating table: recommendation_subscribe_events","time":"2025-05-02T11:15:13.493Z","v":0}
{"name":"Log","hostname":"raspb5","pid":142674,"level":30,"version":"5.118.1","msg":"Model: Collection","time":"2025-05-02T11:15:14.166Z","v":0}
{"name":"Log","hostname":"raspb5","pid":142674,"level":30,"version":"5.118.1","msg":"Model: Product","time":"2025-05-02T11:15:14.182Z","v":0}
{"name":"Log","hostname":"raspb5","pid":142674,"level":30,"version":"5.118.1","msg":"Model: Newsletter","time":"2025-05-02T11:15:14.202Z","v":0}
{"name":"Log","hostname":"raspb5","pid":142674,"level":30,"version":"5.118.1","msg":"Model: Tag","time":"2025-05-02T11:15:14.214Z","v":0}
{"name":"Log","hostname":"raspb5","pid":142674,"level":30,"version":"5.118.1","msg":"Model: Permission","time":"2025-05-02T11:15:14.223Z","v":0}
{"name":"Log","hostname":"raspb5","pid":142674,"level":30,"version":"5.118.1","msg":"Model: Post","time":"2025-05-02T11:15:14.797Z","v":0}
{"name":"Log","hostname":"raspb5","pid":142674,"level":30,"version":"5.118.1","msg":"Model: Integration","time":"2025-05-02T11:15:15.304Z","v":0}
{"name":"Log","hostname":"raspb5","pid":142674,"level":30,"version":"5.118.1","msg":"Relation: Role to Permission","time":"2025-05-02T11:15:15.449Z","v":0}
{"name":"Log","hostname":"raspb5","pid":142674,"level":30,"version":"5.118.1","msg":"Relation: Post to Tag","time":"2025-05-02T11:15:16.166Z","v":0}
{"name":"Log","hostname":"raspb5","pid":142674,"level":30,"version":"5.118.1","msg":"Database is in a ready state.","time":"2025-05-02T11:15:16.266Z","v":0}
{"name":"Log","hostname":"raspb5","pid":142674,"level":30,"version":"5.118.1","msg":"Ghost database ready in 4.265s","time":"2025-05-02T11:15:16.267Z","v":0}
{"name":"Log","hostname":"raspb5","pid":142674,"level":30,"version":"5.118.1","msg":"Invalidating assets for regeneration","time":"2025-05-02T11:15:17.573Z","v":0}
{"name":"Log","hostname":"raspb5","pid":142674,"level":30,"version":"5.118.1","msg":"Adding offloaded job to the inline job queue","time":"2025-05-02T11:15:18.170Z","v":0}
{"name":"Log","hostname":"raspb5","pid":142674,"level":30,"version":"5.118.1","msg":"Scheduling job mentions-email-report at 52 4 * * * *. Next run on: Fri May 02 2025 15:04:52 GMT+0300 (Eastern European Summer Time)","time":"2025-05-02T11:15:18.184Z","v":0}
{"name":"Log","hostname":"raspb5","pid":142674,"level":30,"version":"5.118.1","msg":"Adding one-off job to inlineQueue with current length = 0 called 'members-migrations'","time":"2025-05-02T11:15:18.479Z","v":0}
{"name":"Log","hostname":"raspb5","pid":142674,"level":30,"version":"5.118.1","msg":"Stripe not configured - skipping migrations","time":"2025-05-02T11:15:18.495Z","v":0}
{"name":"Log","hostname":"raspb5","pid":142674,"level":30,"version":"5.118.1","msg":"URL Service ready in 1461ms","time":"2025-05-02T11:15:18.497Z","v":0}
{"name":"Log","hostname":"raspb5","pid":142674,"level":30,"version":"5.118.1","msg":"Adding offloaded job to the inline job queue","time":"2025-05-02T11:15:18.946Z","v":0}
{"name":"Log","hostname":"raspb5","pid":142674,"level":30,"version":"5.118.1","msg":"Scheduling job clean-expired-comped at 5 46 3 * * *. Next run on: Sat May 03 2025 03:46:05 GMT+0300 (Eastern European Summer Time)","time":"2025-05-02T11:15:18.953Z","v":0}
{"name":"Log","hostname":"raspb5","pid":142674,"level":30,"version":"5.118.1","msg":"Adding offloaded job to the inline job queue","time":"2025-05-02T11:15:18.962Z","v":0}
{"name":"Log","hostname":"raspb5","pid":142674,"level":30,"version":"5.118.1","msg":"Scheduling job clean-tokens at 22 30 2 * * *. Next run on: Sat May 03 2025 02:30:22 GMT+0300 (Eastern European Summer Time)","time":"2025-05-02T11:15:18.968Z","v":0}
{"name":"Log","hostname":"raspb5","pid":142674,"level":30,"version":"5.118.1","msg":"Ghost booted in 6.977s","time":"2025-05-02T11:15:18.979Z","v":0}
{"name":"Log","hostname":"raspb5","pid":142674,"level":30,"version":"5.118.1","msg":"Adding offloaded job to the inline job queue","time":"2025-05-02T11:15:19.001Z","v":0}
{"name":"Log","hostname":"raspb5","pid":142674,"level":30,"version":"5.118.1","msg":"Scheduling job update-check at 33 29 22 * * *. Next run on: Fri May 02 2025 22:29:33 GMT+0300 (Eastern European Summer Time)","time":"2025-05-02T11:15:19.008Z","v":0}
{"name":"Log","hostname":"raspb5","pid":142674,"level":30,"version":"5.118.1","msg":"Running milestone emails job on Fri May 02 2025 14:15:24 GMT+0300 (Eastern European Summer Time)","time":"2025-05-02T11:15:19.030Z","v":0}
{"name":"Log","hostname":"raspb5","pid":142674,"level":30,"version":"5.118.1","msg":"[Recommendations] Updating recommendations metadata","time":"2025-05-02T11:21:54.890Z","v":0}
{"name":"Log","hostname":"raspb5","pid":142674,"level":30,"version":"5.118.1","worker":{"resourceLimits":{"maxYoungGenerationSizeMb":48,"maxOldGenerationSizeMb":2048,"codeRangeSizeMb":0,"stackSizeMb":4},"threadId":1},"msg":"Worker for job \"mentions-email-report\" online","time":"2025-05-02T12:04:52.248Z","v":0}
{"name":"Log","hostname":"raspb5","pid":142674,"level":30,"version":"5.118.1","msg":"Worker for job mentions-email-report sent a message: done","time":"2025-05-02T12:04:52.255Z","v":0}
{"name":"Log","hostname":"raspb5","pid":142674,"level":30,"version":"5.118.1","worker":{"resourceLimits":{"maxYoungGenerationSizeMb":48,"maxOldGenerationSizeMb":2048,"codeRangeSizeMb":0,"stackSizeMb":4},"threadId":2},"msg":"Worker for job \"mentions-email-report\" online","time":"2025-05-02T13:04:52.245Z","v":0}
{"name":"Log","hostname":"raspb5","pid":142674,"level":30,"version":"5.118.1","msg":"Worker for job mentions-email-report sent a message: done","time":"2025-05-02T13:04:52.252Z","v":0}
{"name":"Log","hostname":"raspb5","pid":142674,"level":30,"version":"5.118.1","worker":{"resourceLimits":{"maxYoungGenerationSizeMb":48,"maxOldGenerationSizeMb":2048,"codeRangeSizeMb":0,"stackSizeMb":4},"threadId":3},"msg":"Worker for job \"mentions-email-report\" online","time":"2025-05-02T14:04:52.249Z","v":0}
{"name":"Log","hostname":"raspb5","pid":142674,"level":30,"version":"5.118.1","msg":"Worker for job mentions-email-report sent a message: done","time":"2025-05-02T14:04:52.256Z","v":0}
{"name":"Log","hostname":"raspb5","pid":142674,"level":50,"version":"5.118.1","err":{"id":"6d30d340-2762-11f0-b490-c75b34e7174e","domain":"http://localhost:2368/","code":"IMAGE_SIZE_URL","name":"InternalServerError","statusCode":500,"level":"critical","message":"Unknown Request error.","context":"\"http://localhost:2368/favicon.ico\"","stack":"Error: connect ECONNREFUSED ::1:2368\n    at /home/giannis/Desktop/ghost/versions/5.118.1/core/server/lib/image/ImageSize.js:208:39\n    at TCPConnectWrap.afterConnect [as oncomplete] (node:net:1555:16)","hideStack":false},"msg":"Unknown Request error.","time":"2025-05-02T14:33:34.069Z","v":0}
{"name":"Log","hostname":"raspb5","pid":142674,"level":30,"version":"5.118.1","req":{"meta":{"requestId":"7ff6baec-b7b6-4e34-aa79-9d520919c195","userId":null},"url":"/","method":"HEAD","originalUrl":"/","params":{},"headers":{"host":"localhost:2368","user-agent":"curl/7.88.1","accept":"*/*"},"query":{}},"res":{"_headers":{"x-powered-by":"Express","cache-control":"public, max-age=0","content-type":"text/html; charset=utf-8","content-length":"17264","etag":"W/\"4370-VuSWvXvNrbZp8b5PFKEQ7Px/Pvg\"","vary":"Accept-Encoding"},"statusCode":200,"responseTime":"1023ms"},"msg":"","time":"2025-05-02T14:33:34.509Z","v":0}
{"name":"Log","hostname":"raspb5","pid":4328,"level":30,"version":"5.118.1","msg":"Ghost is running in development...","time":"2025-05-02T14:38:54.689Z","v":0}
{"name":"Log","hostname":"raspb5","pid":4328,"level":30,"version":"5.118.1","msg":"Listening on: 127.0.0.1:2368","time":"2025-05-02T14:38:54.689Z","v":0}
{"name":"Log","hostname":"raspb5","pid":4328,"level":30,"version":"5.118.1","msg":"Url configured as: http://localhost:2368/","time":"2025-05-02T14:38:54.690Z","v":0}
{"name":"Log","hostname":"raspb5","pid":4328,"level":30,"version":"5.118.1","msg":"Ctrl+C to shut down","time":"2025-05-02T14:38:54.690Z","v":0}
{"name":"Log","hostname":"raspb5","pid":4328,"level":30,"version":"5.118.1","msg":"Ghost server started in 0.566s","time":"2025-05-02T14:38:54.691Z","v":0}
{"name":"Log","hostname":"raspb5","pid":4328,"level":30,"version":"5.118.1","msg":"Database is in a ready state.","time":"2025-05-02T14:38:54.948Z","v":0}
{"name":"Log","hostname":"raspb5","pid":4328,"level":30,"version":"5.118.1","msg":"Ghost database ready in 0.826s","time":"2025-05-02T14:38:54.952Z","v":0}
{"name":"Log","hostname":"raspb5","pid":4328,"level":30,"version":"5.118.1","msg":"Invalidating assets for regeneration","time":"2025-05-02T14:38:56.081Z","v":0}
{"name":"Log","hostname":"raspb5","pid":4328,"level":30,"version":"5.118.1","msg":"Adding offloaded job to the inline job queue","time":"2025-05-02T14:38:56.724Z","v":0}
{"name":"Log","hostname":"raspb5","pid":4328,"level":30,"version":"5.118.1","msg":"Scheduling job mentions-email-report at 24 56 * * * *. Next run on: Fri May 02 2025 17:56:24 GMT+0300 (Eastern European Summer Time)","time":"2025-05-02T14:38:56.739Z","v":0}
{"name":"Log","hostname":"raspb5","pid":4328,"level":30,"version":"5.118.1","msg":"Adding offloaded job to the inline job queue","time":"2025-05-02T14:38:56.983Z","v":0}
{"name":"Log","hostname":"raspb5","pid":4328,"level":30,"version":"5.118.1","msg":"Scheduling job clean-expired-comped at 39 32 3 * * *. Next run on: Sat May 03 2025 03:32:39 GMT+0300 (Eastern European Summer Time)","time":"2025-05-02T14:38:56.996Z","v":0}
{"name":"Log","hostname":"raspb5","pid":4328,"level":30,"version":"5.118.1","msg":"Adding offloaded job to the inline job queue","time":"2025-05-02T14:38:57.009Z","v":0}
{"name":"Log","hostname":"raspb5","pid":4328,"level":30,"version":"5.118.1","msg":"Scheduling job clean-tokens at 35 19 13 * * *. Next run on: Sat May 03 2025 13:19:35 GMT+0300 (Eastern European Summer Time)","time":"2025-05-02T14:38:57.016Z","v":0}
{"name":"Log","hostname":"raspb5","pid":4328,"level":30,"version":"5.118.1","msg":"Ghost booted in 3.041s","time":"2025-05-02T14:38:57.166Z","v":0}
{"name":"Log","hostname":"raspb5","pid":4328,"level":30,"version":"5.118.1","msg":"Adding offloaded job to the inline job queue","time":"2025-05-02T14:38:57.193Z","v":0}
{"name":"Log","hostname":"raspb5","pid":4328,"level":30,"version":"5.118.1","msg":"Scheduling job update-check at 33 7 20 * * *. Next run on: Fri May 02 2025 20:07:33 GMT+0300 (Eastern European Summer Time)","time":"2025-05-02T14:38:57.197Z","v":0}
{"name":"Log","hostname":"raspb5","pid":4328,"level":30,"version":"5.118.1","msg":"Running milestone emails job on Fri May 02 2025 17:39:02 GMT+0300 (Eastern European Summer Time)","time":"2025-05-02T14:38:57.209Z","v":0}
{"name":"Log","hostname":"raspb5","pid":4328,"level":30,"version":"5.118.1","msg":"URL Service ready in 1595ms","time":"2025-05-02T14:38:57.298Z","v":0}
{"name":"Log","hostname":"raspb5","pid":4328,"level":50,"version":"5.118.1","err":{"id":"d23d6590-2763-11f0-a57b-a17b2e1e90b3","domain":"http://localhost:2368/","code":"IMAGE_SIZE_URL","name":"InternalServerError","statusCode":500,"level":"critical","message":"Unknown Request error.","context":"\"http://localhost:2368/favicon.ico\"","stack":"Error: connect ECONNREFUSED ::1:2368\n    at /home/giannis/Desktop/ghost/versions/5.118.1/core/server/lib/image/ImageSize.js:208:39\n    at TCPConnectWrap.afterConnect [as oncomplete] (node:net:1555:16)","hideStack":false},"msg":"Unknown Request error.","time":"2025-05-02T14:43:33.098Z","v":0}
{"name":"Log","hostname":"raspb5","pid":4328,"level":30,"version":"5.118.1","req":{"meta":{"requestId":"b68cad67-39b8-4a92-82bc-ac35c6fac729","userId":null},"url":"/","method":"HEAD","originalUrl":"/","params":{},"headers":{"host":"localhost:2368","user-agent":"curl/7.88.1","accept":"*/*"},"query":{}},"res":{"_headers":{"x-powered-by":"Express","cache-control":"public, max-age=0","content-type":"text/html; charset=utf-8","content-length":"17264","etag":"W/\"4370-IgOyh52AgLNxjIDf04czSlrS6hQ\"","vary":"Accept-Encoding"},"statusCode":200,"responseTime":"1184ms"},"msg":"","time":"2025-05-02T14:43:33.540Z","v":0}
{"name":"Log","hostname":"raspb5","pid":4328,"level":30,"version":"5.118.1","msg":"[Recommendations] Updating recommendations metadata","time":"2025-05-02T14:45:28.775Z","v":0}
{"name":"Log","hostname":"raspb5","pid":4328,"level":30,"version":"5.118.1","req":{"meta":{"requestId":"2f51b178-5b5c-489d-ba8c-fdb77dc40e96","userId":null},"url":"/?vscodeBrowserReqId=1746197184613","method":"GET","originalUrl":"/?vscodeBrowserReqId=1746197184613","params":{},"headers":{"host":"localhost:2368","connection":"keep-alive","upgrade-insecure-requests":"1","user-agent":"Mozilla/5.0 (Macintosh; Intel Mac OS X 10_15_7) AppleWebKit/537.36 (KHTML, like Gecko) Cursor/0.49.6 Chrome/132.0.6834.210 Electron/34.3.4 Safari/537.36","accept":"text/html,application/xhtml+xml,application/xml;q=0.9,image/avif,image/webp,image/apng,*/*;q=0.8,application/signed-exchange;v=b3;q=0.7","sec-fetch-site":"cross-site","sec-fetch-mode":"navigate","sec-fetch-dest":"iframe","accept-encoding":"gzip, deflate, br, zstd","accept-language":"en-GB"},"query":{"vscodeBrowserReqId":"1746197184613"}},"res":{"_headers":{"x-powered-by":"Express","cache-control":"public, max-age=0","content-type":"text/html; charset=utf-8","etag":"W/\"4370-IgOyh52AgLNxjIDf04czSlrS6hQ\"","vary":"Accept-Encoding","content-encoding":"br"},"statusCode":200,"responseTime":"157ms"},"msg":"","time":"2025-05-02T14:46:24.849Z","v":0}
{"name":"Log","hostname":"raspb5","pid":4328,"level":30,"version":"5.118.1","req":{"meta":{"requestId":"01a67c56-073a-494d-b44d-267e5ca1d0ac","userId":null},"url":"/assets/built/screen.css?v=bb941614ee","method":"GET","originalUrl":"/assets/built/screen.css?v=bb941614ee","params":{},"headers":{"host":"localhost:2368","connection":"keep-alive","sec-ch-ua-platform":"\"macOS\"","user-agent":"Mozilla/5.0 (Macintosh; Intel Mac OS X 10_15_7) AppleWebKit/537.36 (KHTML, like Gecko) Cursor/0.49.6 Chrome/132.0.6834.210 Electron/34.3.4 Safari/537.36","sec-ch-ua":"\"Not A(Brand\";v=\"8\", \"Chromium\";v=\"132\"","sec-ch-ua-mobile":"?0","accept":"text/css,*/*;q=0.1","sec-fetch-site":"same-origin","sec-fetch-mode":"no-cors","sec-fetch-dest":"style","referer":"http://localhost:2368/?vscodeBrowserReqId=1746197184613","accept-encoding":"gzip, deflate, br, zstd","accept-language":"en-GB"},"query":{"v":"bb941614ee"}},"res":{"_headers":{"x-powered-by":"Express","accept-ranges":"bytes","cache-control":"public, max-age=0","last-modified":"Sat, 26 Oct 1985 08:15:00 GMT","etag":"W/\"d1bb-7438674ba0\"","content-type":"text/css; charset=UTF-8","vary":"Accept-Encoding","content-encoding":"br"},"statusCode":200,"responseTime":"6ms"},"msg":"","time":"2025-05-02T14:46:24.878Z","v":0}
{"name":"Log","hostname":"raspb5","pid":4328,"level":30,"version":"5.118.1","req":{"meta":{"requestId":"5edb6864-e0db-4883-a4d7-51f2d4d41318","userId":null},"url":"/assets/built/source.js?v=bb941614ee","method":"GET","originalUrl":"/assets/built/source.js?v=bb941614ee","params":{},"headers":{"host":"localhost:2368","connection":"keep-alive","sec-ch-ua-platform":"\"macOS\"","user-agent":"Mozilla/5.0 (Macintosh; Intel Mac OS X 10_15_7) AppleWebKit/537.36 (KHTML, like Gecko) Cursor/0.49.6 Chrome/132.0.6834.210 Electron/34.3.4 Safari/537.36","sec-ch-ua":"\"Not A(Brand\";v=\"8\", \"Chromium\";v=\"132\"","sec-ch-ua-mobile":"?0","accept":"*/*","sec-fetch-site":"same-origin","sec-fetch-mode":"no-cors","sec-fetch-dest":"script","referer":"http://localhost:2368/?vscodeBrowserReqId=1746197184613","accept-encoding":"gzip, deflate, br, zstd","accept-language":"en-GB"},"query":{"v":"bb941614ee"}},"res":{"_headers":{"x-powered-by":"Express","accept-ranges":"bytes","cache-control":"public, max-age=0","last-modified":"Sat, 26 Oct 1985 08:15:00 GMT","etag":"W/\"cde1-7438674ba0\"","content-type":"application/javascript; charset=UTF-8","vary":"Accept-Encoding","content-encoding":"br"},"statusCode":200,"responseTime":"40ms"},"msg":"","time":"2025-05-02T14:46:25.255Z","v":0}
{"name":"Log","hostname":"raspb5","pid":4328,"level":30,"version":"5.118.1","req":{"meta":{"requestId":"52dca0d1-729c-40e2-a280-b50426a47158","userId":null},"url":"/public/member-attribution.min.js?v=bb941614ee","method":"GET","originalUrl":"/public/member-attribution.min.js?v=bb941614ee","params":{},"headers":{"host":"localhost:2368","connection":"keep-alive","sec-ch-ua-platform":"\"macOS\"","user-agent":"Mozilla/5.0 (Macintosh; Intel Mac OS X 10_15_7) AppleWebKit/537.36 (KHTML, like Gecko) Cursor/0.49.6 Chrome/132.0.6834.210 Electron/34.3.4 Safari/537.36","sec-ch-ua":"\"Not A(Brand\";v=\"8\", \"Chromium\";v=\"132\"","sec-ch-ua-mobile":"?0","accept":"*/*","sec-fetch-site":"same-origin","sec-fetch-mode":"no-cors","sec-fetch-dest":"script","referer":"http://localhost:2368/?vscodeBrowserReqId=1746197184613","accept-encoding":"gzip, deflate, br, zstd","accept-language":"en-GB"},"query":{"v":"bb941614ee"}},"res":{"_headers":{"x-powered-by":"Express","content-type":"application/javascript","etag":"\"90a301fc8a68d077ca64866820fab358\"","cache-control":"public, max-age=31536000","vary":"Accept-Encoding","content-encoding":"br"},"statusCode":200,"responseTime":"35ms"},"msg":"","time":"2025-05-02T14:46:25.257Z","v":0}
{"name":"Log","hostname":"raspb5","pid":4328,"level":30,"version":"5.118.1","req":{"meta":{"requestId":"ecfd9165-0cce-4fc5-9ad6-ed7aebf4d0e9","userId":null},"url":"/assets/fonts/inter-roman.woff2?v=bb941614ee","method":"GET","originalUrl":"/assets/fonts/inter-roman.woff2?v=bb941614ee","params":{},"headers":{"host":"localhost:2368","connection":"keep-alive","origin":"http://localhost:2368","sec-ch-ua-platform":"\"macOS\"","user-agent":"Mozilla/5.0 (Macintosh; Intel Mac OS X 10_15_7) AppleWebKit/537.36 (KHTML, like Gecko) Cursor/0.49.6 Chrome/132.0.6834.210 Electron/34.3.4 Safari/537.36","sec-ch-ua":"\"Not A(Brand\";v=\"8\", \"Chromium\";v=\"132\"","sec-ch-ua-mobile":"?0","accept":"*/*","sec-fetch-site":"same-origin","sec-fetch-mode":"cors","sec-fetch-dest":"font","referer":"http://localhost:2368/?vscodeBrowserReqId=1746197184613","accept-encoding":"gzip, deflate, br, zstd","accept-language":"en-GB"},"query":{"v":"bb941614ee"}},"res":{"_headers":{"x-powered-by":"Express","access-control-allow-origin":"http://localhost:2368","vary":"Origin","access-control-allow-credentials":"true","accept-ranges":"bytes","cache-control":"public, max-age=0","last-modified":"Sat, 26 Oct 1985 08:15:00 GMT","etag":"W/\"9394-7438674ba0\"","content-type":"font/woff2","content-length":37780},"statusCode":200,"responseTime":"55ms"},"msg":"","time":"2025-05-02T14:46:25.259Z","v":0}
{"name":"Log","hostname":"raspb5","pid":4328,"level":30,"version":"5.118.1","req":{"meta":{"requestId":"51ace61f-134f-490e-9ed9-6d8055382d34","userId":null},"url":"/public/cards.min.js?v=bb941614ee","method":"GET","originalUrl":"/public/cards.min.js?v=bb941614ee","params":{},"headers":{"host":"localhost:2368","connection":"keep-alive","sec-ch-ua-platform":"\"macOS\"","user-agent":"Mozilla/5.0 (Macintosh; Intel Mac OS X 10_15_7) AppleWebKit/537.36 (KHTML, like Gecko) Cursor/0.49.6 Chrome/132.0.6834.210 Electron/34.3.4 Safari/537.36","sec-ch-ua":"\"Not A(Brand\";v=\"8\", \"Chromium\";v=\"132\"","sec-ch-ua-mobile":"?0","accept":"*/*","sec-fetch-site":"same-origin","sec-fetch-mode":"no-cors","sec-fetch-dest":"script","referer":"http://localhost:2368/?vscodeBrowserReqId=1746197184613","accept-encoding":"gzip, deflate, br, zstd","accept-language":"en-GB"},"query":{"v":"bb941614ee"}},"res":{"_headers":{"x-powered-by":"Express","content-type":"application/javascript","etag":"\"55333b755c5385e9d3df7b224ded944f\"","cache-control":"public, max-age=31536000","vary":"Accept-Encoding","content-encoding":"br"},"statusCode":200,"responseTime":"562ms"},"msg":"","time":"2025-05-02T14:46:25.464Z","v":0}
{"name":"Log","hostname":"raspb5","pid":4328,"level":30,"version":"5.118.1","req":{"meta":{"requestId":"2faac54e-b6cc-4870-8078-aa26849581b2","userId":null},"url":"/public/cards.min.css?v=bb941614ee","method":"GET","originalUrl":"/public/cards.min.css?v=bb941614ee","params":{},"headers":{"host":"localhost:2368","connection":"keep-alive","sec-ch-ua-platform":"\"macOS\"","user-agent":"Mozilla/5.0 (Macintosh; Intel Mac OS X 10_15_7) AppleWebKit/537.36 (KHTML, like Gecko) Cursor/0.49.6 Chrome/132.0.6834.210 Electron/34.3.4 Safari/537.36","sec-ch-ua":"\"Not A(Brand\";v=\"8\", \"Chromium\";v=\"132\"","sec-ch-ua-mobile":"?0","accept":"text/css,*/*;q=0.1","sec-fetch-site":"same-origin","sec-fetch-mode":"no-cors","sec-fetch-dest":"style","referer":"http://localhost:2368/?vscodeBrowserReqId=1746197184613","accept-encoding":"gzip, deflate, br, zstd","accept-language":"en-GB"},"query":{"v":"bb941614ee"}},"res":{"_headers":{"x-powered-by":"Express","content-type":"text/css","etag":"\"3801af0a554047aab1689db8c9cd3501\"","cache-control":"public, max-age=31536000","vary":"Accept-Encoding","content-encoding":"br"},"statusCode":200,"responseTime":"470ms"},"msg":"","time":"2025-05-02T14:46:25.686Z","v":0}
{"name":"Log","hostname":"raspb5","pid":4328,"level":30,"version":"5.118.1","req":{"meta":{"requestId":"f3a59f8d-0f74-4ea9-87e3-ab80bf68a767","userId":null},"url":"/api/member/","method":"GET","originalUrl":"/members/api/member/","params":{},"headers":{"host":"localhost:2368","connection":"keep-alive","sec-ch-ua-platform":"\"macOS\"","user-agent":"Mozilla/5.0 (Macintosh; Intel Mac OS X 10_15_7) AppleWebKit/537.36 (KHTML, like Gecko) Cursor/0.49.6 Chrome/132.0.6834.210 Electron/34.3.4 Safari/537.36","sec-ch-ua":"\"Not A(Brand\";v=\"8\", \"Chromium\";v=\"132\"","sec-ch-ua-mobile":"?0","accept":"*/*","sec-fetch-site":"same-origin","sec-fetch-mode":"cors","sec-fetch-dest":"empty","referer":"http://localhost:2368/?vscodeBrowserReqId=1746197184613","accept-encoding":"gzip, deflate, br, zstd","accept-language":"en-GB"},"query":{}},"res":{"_headers":{"x-powered-by":"Express","cache-control":"no-cache, private, no-store, must-revalidate, max-stale=0, post-check=0, pre-check=0","access-control-allow-origin":"*"},"statusCode":204,"responseTime":"12ms"},"msg":"","time":"2025-05-02T14:46:25.756Z","v":0}
{"name":"Log","hostname":"raspb5","pid":4328,"level":30,"version":"5.118.1","req":{"meta":{"requestId":"6a3ec277-e0f7-40ef-9009-0e1b023191e6","userId":null},"url":"/tiers/?key=64e443634f8673b87668a1dd0f&limit=all&include=monthly_price,yearly_price,benefits","method":"GET","originalUrl":"/ghost/api/content/tiers/?key=64e443634f8673b87668a1dd0f&limit=all&include=monthly_price,yearly_price,benefits","params":{},"headers":{"host":"localhost:2368","connection":"keep-alive","sec-ch-ua-platform":"\"macOS\"","user-agent":"Mozilla/5.0 (Macintosh; Intel Mac OS X 10_15_7) AppleWebKit/537.36 (KHTML, like Gecko) Cursor/0.49.6 Chrome/132.0.6834.210 Electron/34.3.4 Safari/537.36","sec-ch-ua":"\"Not A(Brand\";v=\"8\", \"Chromium\";v=\"132\"","content-type":"application/json","sec-ch-ua-mobile":"?0","accept":"*/*","sec-fetch-site":"same-origin","sec-fetch-mode":"cors","sec-fetch-dest":"empty","referer":"http://localhost:2368/?vscodeBrowserReqId=1746197184613","accept-encoding":"gzip, deflate, br, zstd","accept-language":"en-GB"},"query":{"key":"**REDACTED**","limit":"all","include":"monthly_price,yearly_price,benefits"}},"res":{"_headers":{"x-powered-by":"Express","content-version":"v5.118","vary":"Accept-Version, Accept-Encoding","cache-control":"public, max-age=0","access-control-allow-origin":"*","content-type":"application/json; charset=utf-8","content-length":"705","etag":"W/\"2c1-WbE0caYTEA9av6w1gbOLfNRfgh4\""},"statusCode":200,"responseTime":"112ms"},"msg":"","time":"2025-05-02T14:46:25.875Z","v":0}
{"name":"Log","hostname":"raspb5","pid":4328,"level":30,"version":"5.118.1","req":{"meta":{"requestId":"8234f7be-2a09-4945-abfd-79fcdb7bcc14","userId":null},"url":"/settings/?key=64e443634f8673b87668a1dd0f&limit=all","method":"GET","originalUrl":"/ghost/api/content/settings/?key=64e443634f8673b87668a1dd0f&limit=all","params":{},"headers":{"host":"localhost:2368","connection":"keep-alive","sec-ch-ua-platform":"\"macOS\"","user-agent":"Mozilla/5.0 (Macintosh; Intel Mac OS X 10_15_7) AppleWebKit/537.36 (KHTML, like Gecko) Cursor/0.49.6 Chrome/132.0.6834.210 Electron/34.3.4 Safari/537.36","sec-ch-ua":"\"Not A(Brand\";v=\"8\", \"Chromium\";v=\"132\"","content-type":"application/json","sec-ch-ua-mobile":"?0","accept":"*/*","sec-fetch-site":"same-origin","sec-fetch-mode":"cors","sec-fetch-dest":"empty","referer":"http://localhost:2368/?vscodeBrowserReqId=1746197184613","accept-encoding":"gzip, deflate, br, zstd","accept-language":"en-GB"},"query":{"key":"**REDACTED**","limit":"all"}},"res":{"_headers":{"x-powered-by":"Express","content-version":"v5.118","vary":"Accept-Version, Accept-Encoding","cache-control":"public, max-age=0","access-control-allow-origin":"*","content-type":"application/json; charset=utf-8","etag":"W/\"592-5Acf3c9y5SOfZQNX6Wnt1/qMm8A\"","content-encoding":"br"},"statusCode":200,"responseTime":"35ms"},"msg":"","time":"2025-05-02T14:46:25.890Z","v":0}
{"name":"Log","hostname":"raspb5","pid":4328,"level":30,"version":"5.118.1","req":{"meta":{"requestId":"63930a2a-b459-4759-ade3-e67355deb502","userId":null},"url":"/newsletters/?key=64e443634f8673b87668a1dd0f&limit=all","method":"GET","originalUrl":"/ghost/api/content/newsletters/?key=64e443634f8673b87668a1dd0f&limit=all","params":{},"headers":{"host":"localhost:2368","connection":"keep-alive","sec-ch-ua-platform":"\"macOS\"","user-agent":"Mozilla/5.0 (Macintosh; Intel Mac OS X 10_15_7) AppleWebKit/537.36 (KHTML, like Gecko) Cursor/0.49.6 Chrome/132.0.6834.210 Electron/34.3.4 Safari/537.36","sec-ch-ua":"\"Not A(Brand\";v=\"8\", \"Chromium\";v=\"132\"","content-type":"application/json","sec-ch-ua-mobile":"?0","accept":"*/*","sec-fetch-site":"same-origin","sec-fetch-mode":"cors","sec-fetch-dest":"empty","referer":"http://localhost:2368/?vscodeBrowserReqId=1746197184613","accept-encoding":"gzip, deflate, br, zstd","accept-language":"en-GB"},"query":{"key":"**REDACTED**","limit":"all"}},"res":{"_headers":{"x-powered-by":"Express","content-version":"v5.118","vary":"Accept-Version, Accept-Encoding","cache-control":"public, max-age=0","access-control-allow-origin":"*","content-type":"application/json; charset=utf-8","content-length":"428","etag":"W/\"1ac-dchjavZ+w64PCrpFQ7v3I48GOLU\""},"statusCode":200,"responseTime":"38ms"},"msg":"","time":"2025-05-02T14:46:25.896Z","v":0}
{"name":"Log","hostname":"raspb5","pid":4328,"level":30,"version":"5.118.1","req":{"meta":{"requestId":"f28c4cea-7429-4bb0-81b1-81d17eba3106","userId":null},"url":"/","method":"HEAD","originalUrl":"/","params":{},"headers":{"host":"localhost:2368","user-agent":"curl/7.88.1","accept":"*/*"},"query":{}},"res":{"_headers":{"x-powered-by":"Express","cache-control":"public, max-age=0","content-type":"text/html; charset=utf-8","content-length":"17264","etag":"W/\"4370-IgOyh52AgLNxjIDf04czSlrS6hQ\"","vary":"Accept-Encoding"},"statusCode":200,"responseTime":"209ms"},"msg":"","time":"2025-05-02T14:50:24.851Z","v":0}
{"name":"Log","hostname":"raspb5","pid":4328,"level":30,"version":"5.118.1","worker":{"resourceLimits":{"maxYoungGenerationSizeMb":48,"maxOldGenerationSizeMb":2048,"codeRangeSizeMb":0,"stackSizeMb":4},"threadId":1},"msg":"Worker for job \"mentions-email-report\" online","time":"2025-05-02T14:56:24.812Z","v":0}
{"name":"Log","hostname":"raspb5","pid":4328,"level":30,"version":"5.118.1","msg":"Worker for job mentions-email-report sent a message: done","time":"2025-05-02T14:56:24.821Z","v":0}
{"name":"Log","hostname":"raspb5","pid":4328,"level":30,"version":"5.118.1","worker":{"resourceLimits":{"maxYoungGenerationSizeMb":48,"maxOldGenerationSizeMb":2048,"codeRangeSizeMb":0,"stackSizeMb":4},"threadId":2},"msg":"Worker for job \"mentions-email-report\" online","time":"2025-05-02T15:56:24.813Z","v":0}
{"name":"Log","hostname":"raspb5","pid":4328,"level":30,"version":"5.118.1","msg":"Worker for job mentions-email-report sent a message: done","time":"2025-05-02T15:56:24.829Z","v":0}
{"name":"Log","hostname":"raspb5","pid":4328,"level":30,"version":"5.118.1","worker":{"resourceLimits":{"maxYoungGenerationSizeMb":48,"maxOldGenerationSizeMb":2048,"codeRangeSizeMb":0,"stackSizeMb":4},"threadId":3},"msg":"Worker for job \"mentions-email-report\" online","time":"2025-05-02T16:56:24.818Z","v":0}
{"name":"Log","hostname":"raspb5","pid":4328,"level":30,"version":"5.118.1","msg":"Worker for job mentions-email-report sent a message: done","time":"2025-05-02T16:56:24.828Z","v":0}
{"name":"Log","hostname":"raspb5","pid":4328,"level":30,"version":"5.118.1","worker":{"resourceLimits":{"maxYoungGenerationSizeMb":48,"maxOldGenerationSizeMb":2048,"codeRangeSizeMb":0,"stackSizeMb":4},"threadId":4},"msg":"Worker for job \"update-check\" online","time":"2025-05-02T17:07:33.058Z","v":0}
{"name":"Log","hostname":"raspb5","pid":4328,"level":30,"version":"5.118.1","msg":"Worker for job update-check sent a message: Ran update check","time":"2025-05-02T17:07:34.870Z","v":0}
{"name":"Log","hostname":"raspb5","pid":4328,"level":30,"version":"5.118.1","msg":"Worker for job update-check sent a message: done","time":"2025-05-02T17:07:34.870Z","v":0}
{"name":"Log","hostname":"raspb5","pid":7605,"level":30,"version":"5.118.1","msg":"Ghost is running in development...","time":"2025-05-02T18:21:43.716Z","v":0}
{"name":"Log","hostname":"raspb5","pid":7605,"level":30,"version":"5.118.1","msg":"Listening on: 127.0.0.1:2368","time":"2025-05-02T18:21:43.718Z","v":0}
{"name":"Log","hostname":"raspb5","pid":7605,"level":30,"version":"5.118.1","msg":"Url configured as: http://localhost:2368/","time":"2025-05-02T18:21:43.719Z","v":0}
{"name":"Log","hostname":"raspb5","pid":7605,"level":30,"version":"5.118.1","msg":"Ctrl+C to shut down","time":"2025-05-02T18:21:43.719Z","v":0}
{"name":"Log","hostname":"raspb5","pid":7605,"level":30,"version":"5.118.1","msg":"Ghost server started in 0.632s","time":"2025-05-02T18:21:43.724Z","v":0}
{"name":"Log","hostname":"raspb5","pid":7605,"level":30,"version":"5.118.1","msg":"Database is in a ready state.","time":"2025-05-02T18:21:43.957Z","v":0}
{"name":"Log","hostname":"raspb5","pid":7605,"level":30,"version":"5.118.1","msg":"Ghost database ready in 0.871s","time":"2025-05-02T18:21:43.962Z","v":0}
{"name":"Log","hostname":"raspb5","pid":7605,"level":30,"version":"5.118.1","msg":"Invalidating assets for regeneration","time":"2025-05-02T18:21:45.014Z","v":0}
{"name":"Log","hostname":"raspb5","pid":7605,"level":30,"version":"5.118.1","msg":"Adding offloaded job to the inline job queue","time":"2025-05-02T18:21:45.548Z","v":0}
{"name":"Log","hostname":"raspb5","pid":7605,"level":30,"version":"5.118.1","msg":"Scheduling job mentions-email-report at 41 16 * * * *. Next run on: Fri May 02 2025 22:16:41 GMT+0300 (Eastern European Summer Time)","time":"2025-05-02T18:21:45.564Z","v":0}
{"name":"Log","hostname":"raspb5","pid":7605,"level":30,"version":"5.118.1","msg":"Adding offloaded job to the inline job queue","time":"2025-05-02T18:21:45.770Z","v":0}
{"name":"Log","hostname":"raspb5","pid":7605,"level":30,"version":"5.118.1","msg":"Scheduling job clean-expired-comped at 43 6 3 * * *. Next run on: Sat May 03 2025 03:06:43 GMT+0300 (Eastern European Summer Time)","time":"2025-05-02T18:21:45.781Z","v":0}
{"name":"Log","hostname":"raspb5","pid":7605,"level":30,"version":"5.118.1","msg":"Adding offloaded job to the inline job queue","time":"2025-05-02T18:21:45.820Z","v":0}
{"name":"Log","hostname":"raspb5","pid":7605,"level":30,"version":"5.118.1","msg":"Scheduling job clean-tokens at 32 6 11 * * *. Next run on: Sat May 03 2025 11:06:32 GMT+0300 (Eastern European Summer Time)","time":"2025-05-02T18:21:45.825Z","v":0}
{"name":"Log","hostname":"raspb5","pid":7605,"level":30,"version":"5.118.1","msg":"Ghost booted in 2.838s","time":"2025-05-02T18:21:45.929Z","v":0}
{"name":"Log","hostname":"raspb5","pid":7605,"level":30,"version":"5.118.1","msg":"Adding offloaded job to the inline job queue","time":"2025-05-02T18:21:45.954Z","v":0}
{"name":"Log","hostname":"raspb5","pid":7605,"level":30,"version":"5.118.1","msg":"Scheduling job update-check at 15 18 11 * * *. Next run on: Sat May 03 2025 11:18:15 GMT+0300 (Eastern European Summer Time)","time":"2025-05-02T18:21:45.958Z","v":0}
{"name":"Log","hostname":"raspb5","pid":7605,"level":30,"version":"5.118.1","msg":"Running milestone emails job on Fri May 02 2025 21:21:50 GMT+0300 (Eastern European Summer Time)","time":"2025-05-02T18:21:45.970Z","v":0}
{"name":"Log","hostname":"raspb5","pid":7605,"level":30,"version":"5.118.1","msg":"URL Service ready in 1547ms","time":"2025-05-02T18:21:46.175Z","v":0}
{"name":"Log","hostname":"raspb5","pid":7605,"level":50,"version":"5.118.1","err":{"id":"89355190-2782-11f0-9bb3-6b8d93678347","domain":"http://localhost:2368/","code":"IMAGE_SIZE_URL","name":"InternalServerError","statusCode":500,"level":"critical","message":"Unknown Request error.","context":"\"http://localhost:2368/favicon.ico\"","stack":"Error: connect ECONNREFUSED ::1:2368\n    at /home/giannis/Desktop/ghost/versions/5.118.1/core/server/lib/image/ImageSize.js:208:39\n    at TCPConnectWrap.afterConnect [as oncomplete] (node:net:1555:16)","hideStack":false},"msg":"Unknown Request error.","time":"2025-05-02T18:23:24.971Z","v":0}
{"name":"Log","hostname":"raspb5","pid":7605,"level":30,"version":"5.118.1","req":{"meta":{"requestId":"13fe9469-478f-4742-a2c3-cdf6b3ecc317","userId":null},"url":"/?vscodeBrowserReqId=1746210204349","method":"GET","originalUrl":"/?vscodeBrowserReqId=1746210204349","params":{},"headers":{"host":"localhost:2368","connection":"keep-alive","upgrade-insecure-requests":"1","user-agent":"Mozilla/5.0 (Macintosh; Intel Mac OS X 10_15_7) AppleWebKit/537.36 (KHTML, like Gecko) Cursor/0.49.6 Chrome/132.0.6834.210 Electron/34.3.4 Safari/537.36","accept":"text/html,application/xhtml+xml,application/xml;q=0.9,image/avif,image/webp,image/apng,*/*;q=0.8,application/signed-exchange;v=b3;q=0.7","sec-fetch-site":"cross-site","sec-fetch-mode":"navigate","sec-fetch-dest":"iframe","accept-encoding":"gzip, deflate, br, zstd","accept-language":"en-GB"},"query":{"vscodeBrowserReqId":"1746210204349"}},"res":{"_headers":{"x-powered-by":"Express","cache-control":"public, max-age=0","content-type":"text/html; charset=utf-8","etag":"W/\"4370-kHGev2PCfdgmrbrazR6rnnzPlUE\"","vary":"Accept-Encoding","content-encoding":"br"},"statusCode":200,"responseTime":"828ms"},"msg":"","time":"2025-05-02T18:23:25.262Z","v":0}
{"name":"Log","hostname":"raspb5","pid":7605,"level":30,"version":"5.118.1","req":{"meta":{"requestId":"2e127cf7-94e5-41be-bed9-4174e7c07e6c","userId":null},"url":"/assets/built/screen.css?v=5f4f20092e","method":"GET","originalUrl":"/assets/built/screen.css?v=5f4f20092e","params":{},"headers":{"host":"localhost:2368","connection":"keep-alive","sec-ch-ua-platform":"\"macOS\"","user-agent":"Mozilla/5.0 (Macintosh; Intel Mac OS X 10_15_7) AppleWebKit/537.36 (KHTML, like Gecko) Cursor/0.49.6 Chrome/132.0.6834.210 Electron/34.3.4 Safari/537.36","sec-ch-ua":"\"Not A(Brand\";v=\"8\", \"Chromium\";v=\"132\"","sec-ch-ua-mobile":"?0","accept":"text/css,*/*;q=0.1","sec-fetch-site":"same-origin","sec-fetch-mode":"no-cors","sec-fetch-dest":"style","referer":"http://localhost:2368/?vscodeBrowserReqId=1746210204349","accept-encoding":"gzip, deflate, br, zstd","accept-language":"en-GB"},"query":{"v":"5f4f20092e"}},"res":{"_headers":{"x-powered-by":"Express","accept-ranges":"bytes","cache-control":"public, max-age=0","last-modified":"Sat, 26 Oct 1985 08:15:00 GMT","etag":"W/\"d1bb-7438674ba0\"","content-type":"text/css; charset=UTF-8","vary":"Accept-Encoding","content-encoding":"br"},"statusCode":200,"responseTime":"8ms"},"msg":"","time":"2025-05-02T18:23:25.285Z","v":0}
{"name":"Log","hostname":"raspb5","pid":7605,"level":30,"version":"5.118.1","req":{"meta":{"requestId":"d05744f7-2a68-4471-a7da-770ee32a2e2d","userId":null},"url":"/assets/fonts/inter-roman.woff2?v=5f4f20092e","method":"GET","originalUrl":"/assets/fonts/inter-roman.woff2?v=5f4f20092e","params":{},"headers":{"host":"localhost:2368","connection":"keep-alive","origin":"http://localhost:2368","sec-ch-ua-platform":"\"macOS\"","user-agent":"Mozilla/5.0 (Macintosh; Intel Mac OS X 10_15_7) AppleWebKit/537.36 (KHTML, like Gecko) Cursor/0.49.6 Chrome/132.0.6834.210 Electron/34.3.4 Safari/537.36","sec-ch-ua":"\"Not A(Brand\";v=\"8\", \"Chromium\";v=\"132\"","sec-ch-ua-mobile":"?0","accept":"*/*","sec-fetch-site":"same-origin","sec-fetch-mode":"cors","sec-fetch-dest":"font","referer":"http://localhost:2368/?vscodeBrowserReqId=1746210204349","accept-encoding":"gzip, deflate, br, zstd","accept-language":"en-GB"},"query":{"v":"5f4f20092e"}},"res":{"_headers":{"x-powered-by":"Express","access-control-allow-origin":"http://localhost:2368","vary":"Origin","access-control-allow-credentials":"true","accept-ranges":"bytes","cache-control":"public, max-age=0","last-modified":"Sat, 26 Oct 1985 08:15:00 GMT","etag":"W/\"9394-7438674ba0\"","content-type":"font/woff2","content-length":37780},"statusCode":200,"responseTime":"6ms"},"msg":"","time":"2025-05-02T18:23:25.326Z","v":0}
{"name":"Log","hostname":"raspb5","pid":7605,"level":30,"version":"5.118.1","req":{"meta":{"requestId":"d1656ec9-8f63-4f31-b4fa-23ff69b08d3c","userId":null},"url":"/assets/built/source.js?v=5f4f20092e","method":"GET","originalUrl":"/assets/built/source.js?v=5f4f20092e","params":{},"headers":{"host":"localhost:2368","connection":"keep-alive","sec-ch-ua-platform":"\"macOS\"","user-agent":"Mozilla/5.0 (Macintosh; Intel Mac OS X 10_15_7) AppleWebKit/537.36 (KHTML, like Gecko) Cursor/0.49.6 Chrome/132.0.6834.210 Electron/34.3.4 Safari/537.36","sec-ch-ua":"\"Not A(Brand\";v=\"8\", \"Chromium\";v=\"132\"","sec-ch-ua-mobile":"?0","accept":"*/*","sec-fetch-site":"same-origin","sec-fetch-mode":"no-cors","sec-fetch-dest":"script","referer":"http://localhost:2368/?vscodeBrowserReqId=1746210204349","accept-encoding":"gzip, deflate, br, zstd","accept-language":"en-GB"},"query":{"v":"5f4f20092e"}},"res":{"_headers":{"x-powered-by":"Express","accept-ranges":"bytes","cache-control":"public, max-age=0","last-modified":"Sat, 26 Oct 1985 08:15:00 GMT","etag":"W/\"cde1-7438674ba0\"","content-type":"application/javascript; charset=UTF-8","vary":"Accept-Encoding","content-encoding":"br"},"statusCode":200,"responseTime":"13ms"},"msg":"","time":"2025-05-02T18:23:25.329Z","v":0}
{"name":"Log","hostname":"raspb5","pid":7605,"level":30,"version":"5.118.1","req":{"meta":{"requestId":"e294ff08-c1d8-4be9-ad61-231d45489eac","userId":null},"url":"/public/member-attribution.min.js?v=5f4f20092e","method":"GET","originalUrl":"/public/member-attribution.min.js?v=5f4f20092e","params":{},"headers":{"host":"localhost:2368","connection":"keep-alive","sec-ch-ua-platform":"\"macOS\"","user-agent":"Mozilla/5.0 (Macintosh; Intel Mac OS X 10_15_7) AppleWebKit/537.36 (KHTML, like Gecko) Cursor/0.49.6 Chrome/132.0.6834.210 Electron/34.3.4 Safari/537.36","sec-ch-ua":"\"Not A(Brand\";v=\"8\", \"Chromium\";v=\"132\"","sec-ch-ua-mobile":"?0","accept":"*/*","sec-fetch-site":"same-origin","sec-fetch-mode":"no-cors","sec-fetch-dest":"script","referer":"http://localhost:2368/?vscodeBrowserReqId=1746210204349","accept-encoding":"gzip, deflate, br, zstd","accept-language":"en-GB"},"query":{"v":"5f4f20092e"}},"res":{"_headers":{"x-powered-by":"Express","content-type":"application/javascript","etag":"\"90a301fc8a68d077ca64866820fab358\"","cache-control":"public, max-age=31536000","vary":"Accept-Encoding","content-encoding":"br"},"statusCode":200,"responseTime":"3ms"},"msg":"","time":"2025-05-02T18:23:25.335Z","v":0}
{"name":"Log","hostname":"raspb5","pid":7605,"level":30,"version":"5.118.1","req":{"meta":{"requestId":"77a0fa27-662c-4062-8aaa-816d20b719e2","userId":null},"url":"/public/cards.min.js?v=5f4f20092e","method":"GET","originalUrl":"/public/cards.min.js?v=5f4f20092e","params":{},"headers":{"host":"localhost:2368","connection":"keep-alive","sec-ch-ua-platform":"\"macOS\"","user-agent":"Mozilla/5.0 (Macintosh; Intel Mac OS X 10_15_7) AppleWebKit/537.36 (KHTML, like Gecko) Cursor/0.49.6 Chrome/132.0.6834.210 Electron/34.3.4 Safari/537.36","sec-ch-ua":"\"Not A(Brand\";v=\"8\", \"Chromium\";v=\"132\"","sec-ch-ua-mobile":"?0","accept":"*/*","sec-fetch-site":"same-origin","sec-fetch-mode":"no-cors","sec-fetch-dest":"script","referer":"http://localhost:2368/?vscodeBrowserReqId=1746210204349","accept-encoding":"gzip, deflate, br, zstd","accept-language":"en-GB"},"query":{"v":"5f4f20092e"}},"res":{"_headers":{"x-powered-by":"Express","content-type":"application/javascript","etag":"\"55333b755c5385e9d3df7b224ded944f\"","cache-control":"public, max-age=31536000","vary":"Accept-Encoding","content-encoding":"br"},"statusCode":200,"responseTime":"738ms"},"msg":"","time":"2025-05-02T18:23:26.047Z","v":0}
{"name":"Log","hostname":"raspb5","pid":7605,"level":30,"version":"5.118.1","req":{"meta":{"requestId":"d063bef7-1bdc-438f-b55f-416f6da229ad","userId":null},"url":"/public/cards.min.css?v=5f4f20092e","method":"GET","originalUrl":"/public/cards.min.css?v=5f4f20092e","params":{},"headers":{"host":"localhost:2368","connection":"keep-alive","sec-ch-ua-platform":"\"macOS\"","user-agent":"Mozilla/5.0 (Macintosh; Intel Mac OS X 10_15_7) AppleWebKit/537.36 (KHTML, like Gecko) Cursor/0.49.6 Chrome/132.0.6834.210 Electron/34.3.4 Safari/537.36","sec-ch-ua":"\"Not A(Brand\";v=\"8\", \"Chromium\";v=\"132\"","sec-ch-ua-mobile":"?0","accept":"text/css,*/*;q=0.1","sec-fetch-site":"same-origin","sec-fetch-mode":"no-cors","sec-fetch-dest":"style","referer":"http://localhost:2368/?vscodeBrowserReqId=1746210204349","accept-encoding":"gzip, deflate, br, zstd","accept-language":"en-GB"},"query":{"v":"5f4f20092e"}},"res":{"_headers":{"x-powered-by":"Express","content-type":"text/css","etag":"\"3801af0a554047aab1689db8c9cd3501\"","cache-control":"public, max-age=31536000","vary":"Accept-Encoding","content-encoding":"br"},"statusCode":200,"responseTime":"738ms"},"msg":"","time":"2025-05-02T18:23:26.052Z","v":0}
{"name":"Log","hostname":"raspb5","pid":7605,"level":30,"version":"5.118.1","req":{"meta":{"requestId":"bb5f67a9-9cef-4147-bd9f-48b8fcda9966","userId":null},"url":"/api/member/","method":"GET","originalUrl":"/members/api/member/","params":{},"headers":{"host":"localhost:2368","connection":"keep-alive","sec-ch-ua-platform":"\"macOS\"","user-agent":"Mozilla/5.0 (Macintosh; Intel Mac OS X 10_15_7) AppleWebKit/537.36 (KHTML, like Gecko) Cursor/0.49.6 Chrome/132.0.6834.210 Electron/34.3.4 Safari/537.36","sec-ch-ua":"\"Not A(Brand\";v=\"8\", \"Chromium\";v=\"132\"","sec-ch-ua-mobile":"?0","accept":"*/*","sec-fetch-site":"same-origin","sec-fetch-mode":"cors","sec-fetch-dest":"empty","referer":"http://localhost:2368/?vscodeBrowserReqId=1746210204349","accept-encoding":"gzip, deflate, br, zstd","accept-language":"en-GB"},"query":{}},"res":{"_headers":{"x-powered-by":"Express","cache-control":"no-cache, private, no-store, must-revalidate, max-stale=0, post-check=0, pre-check=0","access-control-allow-origin":"*"},"statusCode":204,"responseTime":"12ms"},"msg":"","time":"2025-05-02T18:23:26.138Z","v":0}
{"name":"Log","hostname":"raspb5","pid":7605,"level":30,"version":"5.118.1","req":{"meta":{"requestId":"6dbe30fd-0833-4f45-bbc3-19d9dd79b9cb","userId":null},"url":"/tiers/?key=64e443634f8673b87668a1dd0f&limit=all&include=monthly_price,yearly_price,benefits","method":"GET","originalUrl":"/ghost/api/content/tiers/?key=64e443634f8673b87668a1dd0f&limit=all&include=monthly_price,yearly_price,benefits","params":{},"headers":{"host":"localhost:2368","connection":"keep-alive","sec-ch-ua-platform":"\"macOS\"","user-agent":"Mozilla/5.0 (Macintosh; Intel Mac OS X 10_15_7) AppleWebKit/537.36 (KHTML, like Gecko) Cursor/0.49.6 Chrome/132.0.6834.210 Electron/34.3.4 Safari/537.36","sec-ch-ua":"\"Not A(Brand\";v=\"8\", \"Chromium\";v=\"132\"","content-type":"application/json","sec-ch-ua-mobile":"?0","accept":"*/*","sec-fetch-site":"same-origin","sec-fetch-mode":"cors","sec-fetch-dest":"empty","referer":"http://localhost:2368/?vscodeBrowserReqId=1746210204349","accept-encoding":"gzip, deflate, br, zstd","accept-language":"en-GB","if-none-match":"W/\"2c1-WbE0caYTEA9av6w1gbOLfNRfgh4\""},"query":{"key":"**REDACTED**","limit":"all","include":"monthly_price,yearly_price,benefits"}},"res":{"_headers":{"x-powered-by":"Express","content-version":"v5.118","vary":"Accept-Version","cache-control":"public, max-age=0","access-control-allow-origin":"*","etag":"W/\"2c1-WbE0caYTEA9av6w1gbOLfNRfgh4\""},"statusCode":304,"responseTime":"99ms"},"msg":"","time":"2025-05-02T18:23:26.244Z","v":0}
{"name":"Log","hostname":"raspb5","pid":7605,"level":30,"version":"5.118.1","req":{"meta":{"requestId":"6060d631-3c8a-425b-b083-b44d92630168","userId":null},"url":"/settings/?key=64e443634f8673b87668a1dd0f&limit=all","method":"GET","originalUrl":"/ghost/api/content/settings/?key=64e443634f8673b87668a1dd0f&limit=all","params":{},"headers":{"host":"localhost:2368","connection":"keep-alive","sec-ch-ua-platform":"\"macOS\"","user-agent":"Mozilla/5.0 (Macintosh; Intel Mac OS X 10_15_7) AppleWebKit/537.36 (KHTML, like Gecko) Cursor/0.49.6 Chrome/132.0.6834.210 Electron/34.3.4 Safari/537.36","sec-ch-ua":"\"Not A(Brand\";v=\"8\", \"Chromium\";v=\"132\"","content-type":"application/json","sec-ch-ua-mobile":"?0","accept":"*/*","sec-fetch-site":"same-origin","sec-fetch-mode":"cors","sec-fetch-dest":"empty","referer":"http://localhost:2368/?vscodeBrowserReqId=1746210204349","accept-encoding":"gzip, deflate, br, zstd","accept-language":"en-GB","if-none-match":"W/\"592-5Acf3c9y5SOfZQNX6Wnt1/qMm8A\""},"query":{"key":"**REDACTED**","limit":"all"}},"res":{"_headers":{"x-powered-by":"Express","content-version":"v5.118","vary":"Accept-Version","cache-control":"public, max-age=0","access-control-allow-origin":"*","etag":"W/\"592-5Acf3c9y5SOfZQNX6Wnt1/qMm8A\""},"statusCode":304,"responseTime":"30ms"},"msg":"","time":"2025-05-02T18:23:26.252Z","v":0}
{"name":"Log","hostname":"raspb5","pid":7605,"level":30,"version":"5.118.1","req":{"meta":{"requestId":"eb7ef48d-d5de-4cbf-80b0-76cec17a665c","userId":null},"url":"/newsletters/?key=64e443634f8673b87668a1dd0f&limit=all","method":"GET","originalUrl":"/ghost/api/content/newsletters/?key=64e443634f8673b87668a1dd0f&limit=all","params":{},"headers":{"host":"localhost:2368","connection":"keep-alive","sec-ch-ua-platform":"\"macOS\"","user-agent":"Mozilla/5.0 (Macintosh; Intel Mac OS X 10_15_7) AppleWebKit/537.36 (KHTML, like Gecko) Cursor/0.49.6 Chrome/132.0.6834.210 Electron/34.3.4 Safari/537.36","sec-ch-ua":"\"Not A(Brand\";v=\"8\", \"Chromium\";v=\"132\"","content-type":"application/json","sec-ch-ua-mobile":"?0","accept":"*/*","sec-fetch-site":"same-origin","sec-fetch-mode":"cors","sec-fetch-dest":"empty","referer":"http://localhost:2368/?vscodeBrowserReqId=1746210204349","accept-encoding":"gzip, deflate, br, zstd","accept-language":"en-GB","if-none-match":"W/\"1ac-dchjavZ+w64PCrpFQ7v3I48GOLU\""},"query":{"key":"**REDACTED**","limit":"all"}},"res":{"_headers":{"x-powered-by":"Express","content-version":"v5.118","vary":"Accept-Version","cache-control":"public, max-age=0","access-control-allow-origin":"*","etag":"W/\"1ac-dchjavZ+w64PCrpFQ7v3I48GOLU\""},"statusCode":304,"responseTime":"34ms"},"msg":"","time":"2025-05-02T18:23:26.261Z","v":0}
{"name":"Log","hostname":"raspb5","pid":7605,"level":30,"version":"5.118.1","msg":"[Recommendations] Updating recommendations metadata","time":"2025-05-02T18:24:35.702Z","v":0}
{"name":"Log","hostname":"raspb5","pid":7605,"level":30,"version":"5.118.1","req":{"meta":{"requestId":"c24c3da8-af54-487c-984f-5ca59f7f63cd","userId":null},"url":"/?vscodeBrowserReqId=1746211639501","method":"GET","originalUrl":"/?vscodeBrowserReqId=1746211639501","params":{},"headers":{"host":"localhost:2368","connection":"keep-alive","upgrade-insecure-requests":"1","user-agent":"Mozilla/5.0 (Macintosh; Intel Mac OS X 10_15_7) AppleWebKit/537.36 (KHTML, like Gecko) Cursor/0.49.6 Chrome/132.0.6834.210 Electron/34.3.4 Safari/537.36","accept":"text/html,application/xhtml+xml,application/xml;q=0.9,image/avif,image/webp,image/apng,*/*;q=0.8,application/signed-exchange;v=b3;q=0.7","sec-fetch-site":"cross-site","sec-fetch-mode":"navigate","sec-fetch-dest":"iframe","accept-encoding":"gzip, deflate, br, zstd","accept-language":"en-GB"},"query":{"vscodeBrowserReqId":"1746211639501"}},"res":{"_headers":{"x-powered-by":"Express","cache-control":"public, max-age=0","content-type":"text/html; charset=utf-8","etag":"W/\"4370-kHGev2PCfdgmrbrazR6rnnzPlUE\"","vary":"Accept-Encoding","content-encoding":"br"},"statusCode":200,"responseTime":"215ms"},"msg":"","time":"2025-05-02T18:47:19.874Z","v":0}
{"name":"Log","hostname":"raspb5","pid":7605,"level":30,"version":"5.118.1","req":{"meta":{"requestId":"eeeec3ad-7a1d-4edb-b7ca-034fb3c20988","userId":null},"url":"/assets/built/screen.css?v=5f4f20092e","method":"GET","originalUrl":"/assets/built/screen.css?v=5f4f20092e","params":{},"headers":{"host":"localhost:2368","connection":"keep-alive","sec-ch-ua-platform":"\"macOS\"","user-agent":"Mozilla/5.0 (Macintosh; Intel Mac OS X 10_15_7) AppleWebKit/537.36 (KHTML, like Gecko) Cursor/0.49.6 Chrome/132.0.6834.210 Electron/34.3.4 Safari/537.36","sec-ch-ua":"\"Not A(Brand\";v=\"8\", \"Chromium\";v=\"132\"","sec-ch-ua-mobile":"?0","accept":"text/css,*/*;q=0.1","sec-fetch-site":"same-origin","sec-fetch-mode":"no-cors","sec-fetch-dest":"style","referer":"http://localhost:2368/?vscodeBrowserReqId=1746211639501","accept-encoding":"gzip, deflate, br, zstd","accept-language":"en-GB","if-none-match":"W/\"d1bb-7438674ba0\"","if-modified-since":"Sat, 26 Oct 1985 08:15:00 GMT"},"query":{"v":"5f4f20092e"}},"res":{"_headers":{"x-powered-by":"Express","accept-ranges":"bytes","cache-control":"public, max-age=0","last-modified":"Sat, 26 Oct 1985 08:15:00 GMT","etag":"W/\"d1bb-7438674ba0\""},"statusCode":304,"responseTime":"2ms"},"msg":"","time":"2025-05-02T18:47:19.902Z","v":0}
{"name":"Log","hostname":"raspb5","pid":7605,"level":30,"version":"5.118.1","req":{"meta":{"requestId":"405e618d-f48c-4d5f-af0f-7c964b48a230","userId":null},"url":"/assets/fonts/inter-roman.woff2?v=5f4f20092e","method":"GET","originalUrl":"/assets/fonts/inter-roman.woff2?v=5f4f20092e","params":{},"headers":{"host":"localhost:2368","connection":"keep-alive","origin":"http://localhost:2368","sec-ch-ua-platform":"\"macOS\"","user-agent":"Mozilla/5.0 (Macintosh; Intel Mac OS X 10_15_7) AppleWebKit/537.36 (KHTML, like Gecko) Cursor/0.49.6 Chrome/132.0.6834.210 Electron/34.3.4 Safari/537.36","sec-ch-ua":"\"Not A(Brand\";v=\"8\", \"Chromium\";v=\"132\"","sec-ch-ua-mobile":"?0","accept":"*/*","sec-fetch-site":"same-origin","sec-fetch-mode":"cors","sec-fetch-dest":"font","referer":"http://localhost:2368/?vscodeBrowserReqId=1746211639501","accept-encoding":"gzip, deflate, br, zstd","accept-language":"en-GB","if-none-match":"W/\"9394-7438674ba0\"","if-modified-since":"Sat, 26 Oct 1985 08:15:00 GMT"},"query":{"v":"5f4f20092e"}},"res":{"_headers":{"x-powered-by":"Express","access-control-allow-origin":"http://localhost:2368","vary":"Origin","access-control-allow-credentials":"true","accept-ranges":"bytes","cache-control":"public, max-age=0","last-modified":"Sat, 26 Oct 1985 08:15:00 GMT","etag":"W/\"9394-7438674ba0\""},"statusCode":304,"responseTime":"2ms"},"msg":"","time":"2025-05-02T18:47:19.921Z","v":0}
{"name":"Log","hostname":"raspb5","pid":7605,"level":30,"version":"5.118.1","req":{"meta":{"requestId":"cf11da93-151b-47a0-8a7b-502b836e3728","userId":null},"url":"/assets/built/source.js?v=5f4f20092e","method":"GET","originalUrl":"/assets/built/source.js?v=5f4f20092e","params":{},"headers":{"host":"localhost:2368","connection":"keep-alive","sec-ch-ua-platform":"\"macOS\"","user-agent":"Mozilla/5.0 (Macintosh; Intel Mac OS X 10_15_7) AppleWebKit/537.36 (KHTML, like Gecko) Cursor/0.49.6 Chrome/132.0.6834.210 Electron/34.3.4 Safari/537.36","sec-ch-ua":"\"Not A(Brand\";v=\"8\", \"Chromium\";v=\"132\"","sec-ch-ua-mobile":"?0","accept":"*/*","sec-fetch-site":"same-origin","sec-fetch-mode":"no-cors","sec-fetch-dest":"script","referer":"http://localhost:2368/?vscodeBrowserReqId=1746211639501","accept-encoding":"gzip, deflate, br, zstd","accept-language":"en-GB","if-none-match":"W/\"cde1-7438674ba0\"","if-modified-since":"Sat, 26 Oct 1985 08:15:00 GMT"},"query":{"v":"5f4f20092e"}},"res":{"_headers":{"x-powered-by":"Express","accept-ranges":"bytes","cache-control":"public, max-age=0","last-modified":"Sat, 26 Oct 1985 08:15:00 GMT","etag":"W/\"cde1-7438674ba0\""},"statusCode":304,"responseTime":"1ms"},"msg":"","time":"2025-05-02T18:47:19.925Z","v":0}
{"name":"Log","hostname":"raspb5","pid":7605,"level":30,"version":"5.118.1","req":{"meta":{"requestId":"45b6a6cb-6059-4470-9ab4-659755e5e47a","userId":null},"url":"/api/member/","method":"GET","originalUrl":"/members/api/member/","params":{},"headers":{"host":"localhost:2368","connection":"keep-alive","sec-ch-ua-platform":"\"macOS\"","user-agent":"Mozilla/5.0 (Macintosh; Intel Mac OS X 10_15_7) AppleWebKit/537.36 (KHTML, like Gecko) Cursor/0.49.6 Chrome/132.0.6834.210 Electron/34.3.4 Safari/537.36","sec-ch-ua":"\"Not A(Brand\";v=\"8\", \"Chromium\";v=\"132\"","sec-ch-ua-mobile":"?0","accept":"*/*","sec-fetch-site":"same-origin","sec-fetch-mode":"cors","sec-fetch-dest":"empty","referer":"http://localhost:2368/?vscodeBrowserReqId=1746211639501","accept-encoding":"gzip, deflate, br, zstd","accept-language":"en-GB"},"query":{}},"res":{"_headers":{"x-powered-by":"Express","cache-control":"no-cache, private, no-store, must-revalidate, max-stale=0, post-check=0, pre-check=0","access-control-allow-origin":"*"},"statusCode":204,"responseTime":"2ms"},"msg":"","time":"2025-05-02T18:47:20.003Z","v":0}
{"name":"Log","hostname":"raspb5","pid":7605,"level":30,"version":"5.118.1","req":{"meta":{"requestId":"47cd642a-8efb-4588-8ea7-a302c4022bfc","userId":null},"url":"/settings/?key=64e443634f8673b87668a1dd0f&limit=all","method":"GET","originalUrl":"/ghost/api/content/settings/?key=64e443634f8673b87668a1dd0f&limit=all","params":{},"headers":{"host":"localhost:2368","connection":"keep-alive","sec-ch-ua-platform":"\"macOS\"","user-agent":"Mozilla/5.0 (Macintosh; Intel Mac OS X 10_15_7) AppleWebKit/537.36 (KHTML, like Gecko) Cursor/0.49.6 Chrome/132.0.6834.210 Electron/34.3.4 Safari/537.36","sec-ch-ua":"\"Not A(Brand\";v=\"8\", \"Chromium\";v=\"132\"","content-type":"application/json","sec-ch-ua-mobile":"?0","accept":"*/*","sec-fetch-site":"same-origin","sec-fetch-mode":"cors","sec-fetch-dest":"empty","referer":"http://localhost:2368/?vscodeBrowserReqId=1746211639501","accept-encoding":"gzip, deflate, br, zstd","accept-language":"en-GB","if-none-match":"W/\"592-5Acf3c9y5SOfZQNX6Wnt1/qMm8A\""},"query":{"key":"**REDACTED**","limit":"all"}},"res":{"_headers":{"x-powered-by":"Express","content-version":"v5.118","vary":"Accept-Version","cache-control":"public, max-age=0","access-control-allow-origin":"*","etag":"W/\"592-5Acf3c9y5SOfZQNX6Wnt1/qMm8A\""},"statusCode":304,"responseTime":"17ms"},"msg":"","time":"2025-05-02T18:47:20.026Z","v":0}
{"name":"Log","hostname":"raspb5","pid":7605,"level":30,"version":"5.118.1","req":{"meta":{"requestId":"c86cd8d8-af1e-4d89-a9c0-9a1307781823","userId":null},"url":"/tiers/?key=64e443634f8673b87668a1dd0f&limit=all&include=monthly_price,yearly_price,benefits","method":"GET","originalUrl":"/ghost/api/content/tiers/?key=64e443634f8673b87668a1dd0f&limit=all&include=monthly_price,yearly_price,benefits","params":{},"headers":{"host":"localhost:2368","connection":"keep-alive","sec-ch-ua-platform":"\"macOS\"","user-agent":"Mozilla/5.0 (Macintosh; Intel Mac OS X 10_15_7) AppleWebKit/537.36 (KHTML, like Gecko) Cursor/0.49.6 Chrome/132.0.6834.210 Electron/34.3.4 Safari/537.36","sec-ch-ua":"\"Not A(Brand\";v=\"8\", \"Chromium\";v=\"132\"","content-type":"application/json","sec-ch-ua-mobile":"?0","accept":"*/*","sec-fetch-site":"same-origin","sec-fetch-mode":"cors","sec-fetch-dest":"empty","referer":"http://localhost:2368/?vscodeBrowserReqId=1746211639501","accept-encoding":"gzip, deflate, br, zstd","accept-language":"en-GB","if-none-match":"W/\"2c1-WbE0caYTEA9av6w1gbOLfNRfgh4\""},"query":{"key":"**REDACTED**","limit":"all","include":"monthly_price,yearly_price,benefits"}},"res":{"_headers":{"x-powered-by":"Express","content-version":"v5.118","vary":"Accept-Version","cache-control":"public, max-age=0","access-control-allow-origin":"*","etag":"W/\"2c1-WbE0caYTEA9av6w1gbOLfNRfgh4\""},"statusCode":304,"responseTime":"17ms"},"msg":"","time":"2025-05-02T18:47:20.036Z","v":0}
{"name":"Log","hostname":"raspb5","pid":7605,"level":30,"version":"5.118.1","req":{"meta":{"requestId":"e9406544-a3a3-4e27-bca4-1c4f18877986","userId":null},"url":"/newsletters/?key=64e443634f8673b87668a1dd0f&limit=all","method":"GET","originalUrl":"/ghost/api/content/newsletters/?key=64e443634f8673b87668a1dd0f&limit=all","params":{},"headers":{"host":"localhost:2368","connection":"keep-alive","sec-ch-ua-platform":"\"macOS\"","user-agent":"Mozilla/5.0 (Macintosh; Intel Mac OS X 10_15_7) AppleWebKit/537.36 (KHTML, like Gecko) Cursor/0.49.6 Chrome/132.0.6834.210 Electron/34.3.4 Safari/537.36","sec-ch-ua":"\"Not A(Brand\";v=\"8\", \"Chromium\";v=\"132\"","content-type":"application/json","sec-ch-ua-mobile":"?0","accept":"*/*","sec-fetch-site":"same-origin","sec-fetch-mode":"cors","sec-fetch-dest":"empty","referer":"http://localhost:2368/?vscodeBrowserReqId=1746211639501","accept-encoding":"gzip, deflate, br, zstd","accept-language":"en-GB","if-none-match":"W/\"1ac-dchjavZ+w64PCrpFQ7v3I48GOLU\""},"query":{"key":"**REDACTED**","limit":"all"}},"res":{"_headers":{"x-powered-by":"Express","content-version":"v5.118","vary":"Accept-Version","cache-control":"public, max-age=0","access-control-allow-origin":"*","etag":"W/\"1ac-dchjavZ+w64PCrpFQ7v3I48GOLU\""},"statusCode":304,"responseTime":"26ms"},"msg":"","time":"2025-05-02T18:47:20.039Z","v":0}
{"name":"Log","hostname":"raspb5","pid":7605,"level":30,"version":"5.118.1","worker":{"resourceLimits":{"maxYoungGenerationSizeMb":48,"maxOldGenerationSizeMb":2048,"codeRangeSizeMb":0,"stackSizeMb":4},"threadId":1},"msg":"Worker for job \"mentions-email-report\" online","time":"2025-05-02T19:16:41.640Z","v":0}
{"name":"Log","hostname":"raspb5","pid":7605,"level":30,"version":"5.118.1","msg":"Worker for job mentions-email-report sent a message: done","time":"2025-05-02T19:16:41.651Z","v":0}
{"name":"Log","hostname":"raspb5","pid":7605,"level":30,"version":"5.118.1","req":{"meta":{"requestId":"d722ee65-60a5-4889-80d7-3590b68be834","userId":null},"url":"/?vscodeBrowserReqId=1746213914760","method":"GET","originalUrl":"/?vscodeBrowserReqId=1746213914760","params":{},"headers":{"host":"localhost:2368","connection":"keep-alive","upgrade-insecure-requests":"1","user-agent":"Mozilla/5.0 (Macintosh; Intel Mac OS X 10_15_7) AppleWebKit/537.36 (KHTML, like Gecko) Cursor/0.49.6 Chrome/132.0.6834.210 Electron/34.3.4 Safari/537.36","accept":"text/html,application/xhtml+xml,application/xml;q=0.9,image/avif,image/webp,image/apng,*/*;q=0.8,application/signed-exchange;v=b3;q=0.7","sec-fetch-site":"cross-site","sec-fetch-mode":"navigate","sec-fetch-dest":"iframe","accept-encoding":"gzip, deflate, br, zstd","accept-language":"en-GB"},"query":{"vscodeBrowserReqId":"1746213914760"}},"res":{"_headers":{"x-powered-by":"Express","cache-control":"public, max-age=0","content-type":"text/html; charset=utf-8","etag":"W/\"4370-kHGev2PCfdgmrbrazR6rnnzPlUE\"","vary":"Accept-Encoding","content-encoding":"br"},"statusCode":200,"responseTime":"147ms"},"msg":"","time":"2025-05-02T19:25:14.961Z","v":0}
{"name":"Log","hostname":"raspb5","pid":7605,"level":30,"version":"5.118.1","req":{"meta":{"requestId":"0b0f8193-4ba5-4e37-8e99-624200349352","userId":null},"url":"/assets/built/screen.css?v=5f4f20092e","method":"GET","originalUrl":"/assets/built/screen.css?v=5f4f20092e","params":{},"headers":{"host":"localhost:2368","connection":"keep-alive","sec-ch-ua-platform":"\"macOS\"","user-agent":"Mozilla/5.0 (Macintosh; Intel Mac OS X 10_15_7) AppleWebKit/537.36 (KHTML, like Gecko) Cursor/0.49.6 Chrome/132.0.6834.210 Electron/34.3.4 Safari/537.36","sec-ch-ua":"\"Not A(Brand\";v=\"8\", \"Chromium\";v=\"132\"","sec-ch-ua-mobile":"?0","accept":"text/css,*/*;q=0.1","sec-fetch-site":"same-origin","sec-fetch-mode":"no-cors","sec-fetch-dest":"style","referer":"http://localhost:2368/?vscodeBrowserReqId=1746213914760","accept-encoding":"gzip, deflate, br, zstd","accept-language":"en-GB","if-none-match":"W/\"d1bb-7438674ba0\"","if-modified-since":"Sat, 26 Oct 1985 08:15:00 GMT"},"query":{"v":"5f4f20092e"}},"res":{"_headers":{"x-powered-by":"Express","accept-ranges":"bytes","cache-control":"public, max-age=0","last-modified":"Sat, 26 Oct 1985 08:15:00 GMT","etag":"W/\"d1bb-7438674ba0\""},"statusCode":304,"responseTime":"1ms"},"msg":"","time":"2025-05-02T19:25:14.980Z","v":0}
{"name":"Log","hostname":"raspb5","pid":7605,"level":30,"version":"5.118.1","req":{"meta":{"requestId":"04c4de15-9fce-4c20-adf3-b5fdff87c16b","userId":null},"url":"/assets/built/source.js?v=5f4f20092e","method":"GET","originalUrl":"/assets/built/source.js?v=5f4f20092e","params":{},"headers":{"host":"localhost:2368","connection":"keep-alive","sec-ch-ua-platform":"\"macOS\"","user-agent":"Mozilla/5.0 (Macintosh; Intel Mac OS X 10_15_7) AppleWebKit/537.36 (KHTML, like Gecko) Cursor/0.49.6 Chrome/132.0.6834.210 Electron/34.3.4 Safari/537.36","sec-ch-ua":"\"Not A(Brand\";v=\"8\", \"Chromium\";v=\"132\"","sec-ch-ua-mobile":"?0","accept":"*/*","sec-fetch-site":"same-origin","sec-fetch-mode":"no-cors","sec-fetch-dest":"script","referer":"http://localhost:2368/?vscodeBrowserReqId=1746213914760","accept-encoding":"gzip, deflate, br, zstd","accept-language":"en-GB","if-none-match":"W/\"cde1-7438674ba0\"","if-modified-since":"Sat, 26 Oct 1985 08:15:00 GMT"},"query":{"v":"5f4f20092e"}},"res":{"_headers":{"x-powered-by":"Express","accept-ranges":"bytes","cache-control":"public, max-age=0","last-modified":"Sat, 26 Oct 1985 08:15:00 GMT","etag":"W/\"cde1-7438674ba0\""},"statusCode":304,"responseTime":"1ms"},"msg":"","time":"2025-05-02T19:25:15.004Z","v":0}
{"name":"Log","hostname":"raspb5","pid":7605,"level":30,"version":"5.118.1","req":{"meta":{"requestId":"41bffea1-b666-4374-add7-4b58d80b54ca","userId":null},"url":"/assets/fonts/inter-roman.woff2?v=5f4f20092e","method":"GET","originalUrl":"/assets/fonts/inter-roman.woff2?v=5f4f20092e","params":{},"headers":{"host":"localhost:2368","connection":"keep-alive","origin":"http://localhost:2368","sec-ch-ua-platform":"\"macOS\"","user-agent":"Mozilla/5.0 (Macintosh; Intel Mac OS X 10_15_7) AppleWebKit/537.36 (KHTML, like Gecko) Cursor/0.49.6 Chrome/132.0.6834.210 Electron/34.3.4 Safari/537.36","sec-ch-ua":"\"Not A(Brand\";v=\"8\", \"Chromium\";v=\"132\"","sec-ch-ua-mobile":"?0","accept":"*/*","sec-fetch-site":"same-origin","sec-fetch-mode":"cors","sec-fetch-dest":"font","referer":"http://localhost:2368/?vscodeBrowserReqId=1746213914760","accept-encoding":"gzip, deflate, br, zstd","accept-language":"en-GB","if-none-match":"W/\"9394-7438674ba0\"","if-modified-since":"Sat, 26 Oct 1985 08:15:00 GMT"},"query":{"v":"5f4f20092e"}},"res":{"_headers":{"x-powered-by":"Express","access-control-allow-origin":"http://localhost:2368","vary":"Origin","access-control-allow-credentials":"true","accept-ranges":"bytes","cache-control":"public, max-age=0","last-modified":"Sat, 26 Oct 1985 08:15:00 GMT","etag":"W/\"9394-7438674ba0\""},"statusCode":304,"responseTime":"2ms"},"msg":"","time":"2025-05-02T19:25:15.008Z","v":0}
{"name":"Log","hostname":"raspb5","pid":7605,"level":30,"version":"5.118.1","req":{"meta":{"requestId":"49b82bb6-2845-47b8-af08-a744c2148756","userId":null},"url":"/api/member/","method":"GET","originalUrl":"/members/api/member/","params":{},"headers":{"host":"localhost:2368","connection":"keep-alive","sec-ch-ua-platform":"\"macOS\"","user-agent":"Mozilla/5.0 (Macintosh; Intel Mac OS X 10_15_7) AppleWebKit/537.36 (KHTML, like Gecko) Cursor/0.49.6 Chrome/132.0.6834.210 Electron/34.3.4 Safari/537.36","sec-ch-ua":"\"Not A(Brand\";v=\"8\", \"Chromium\";v=\"132\"","sec-ch-ua-mobile":"?0","accept":"*/*","sec-fetch-site":"same-origin","sec-fetch-mode":"cors","sec-fetch-dest":"empty","referer":"http://localhost:2368/?vscodeBrowserReqId=1746213914760","accept-encoding":"gzip, deflate, br, zstd","accept-language":"en-GB"},"query":{}},"res":{"_headers":{"x-powered-by":"Express","cache-control":"no-cache, private, no-store, must-revalidate, max-stale=0, post-check=0, pre-check=0","access-control-allow-origin":"*"},"statusCode":204,"responseTime":"1ms"},"msg":"","time":"2025-05-02T19:25:15.106Z","v":0}
{"name":"Log","hostname":"raspb5","pid":7605,"level":30,"version":"5.118.1","req":{"meta":{"requestId":"8ac33141-7915-424b-9562-760bb84c3e50","userId":null},"url":"/settings/?key=64e443634f8673b87668a1dd0f&limit=all","method":"GET","originalUrl":"/ghost/api/content/settings/?key=64e443634f8673b87668a1dd0f&limit=all","params":{},"headers":{"host":"localhost:2368","connection":"keep-alive","sec-ch-ua-platform":"\"macOS\"","user-agent":"Mozilla/5.0 (Macintosh; Intel Mac OS X 10_15_7) AppleWebKit/537.36 (KHTML, like Gecko) Cursor/0.49.6 Chrome/132.0.6834.210 Electron/34.3.4 Safari/537.36","sec-ch-ua":"\"Not A(Brand\";v=\"8\", \"Chromium\";v=\"132\"","content-type":"application/json","sec-ch-ua-mobile":"?0","accept":"*/*","sec-fetch-site":"same-origin","sec-fetch-mode":"cors","sec-fetch-dest":"empty","referer":"http://localhost:2368/?vscodeBrowserReqId=1746213914760","accept-encoding":"gzip, deflate, br, zstd","accept-language":"en-GB","if-none-match":"W/\"592-5Acf3c9y5SOfZQNX6Wnt1/qMm8A\""},"query":{"key":"**REDACTED**","limit":"all"}},"res":{"_headers":{"x-powered-by":"Express","content-version":"v5.118","vary":"Accept-Version","cache-control":"public, max-age=0","access-control-allow-origin":"*","etag":"W/\"592-5Acf3c9y5SOfZQNX6Wnt1/qMm8A\""},"statusCode":304,"responseTime":"13ms"},"msg":"","time":"2025-05-02T19:25:15.126Z","v":0}
{"name":"Log","hostname":"raspb5","pid":7605,"level":30,"version":"5.118.1","req":{"meta":{"requestId":"63ddc0ec-32e6-4340-8654-90129ff097cd","userId":null},"url":"/tiers/?key=64e443634f8673b87668a1dd0f&limit=all&include=monthly_price,yearly_price,benefits","method":"GET","originalUrl":"/ghost/api/content/tiers/?key=64e443634f8673b87668a1dd0f&limit=all&include=monthly_price,yearly_price,benefits","params":{},"headers":{"host":"localhost:2368","connection":"keep-alive","sec-ch-ua-platform":"\"macOS\"","user-agent":"Mozilla/5.0 (Macintosh; Intel Mac OS X 10_15_7) AppleWebKit/537.36 (KHTML, like Gecko) Cursor/0.49.6 Chrome/132.0.6834.210 Electron/34.3.4 Safari/537.36","sec-ch-ua":"\"Not A(Brand\";v=\"8\", \"Chromium\";v=\"132\"","content-type":"application/json","sec-ch-ua-mobile":"?0","accept":"*/*","sec-fetch-site":"same-origin","sec-fetch-mode":"cors","sec-fetch-dest":"empty","referer":"http://localhost:2368/?vscodeBrowserReqId=1746213914760","accept-encoding":"gzip, deflate, br, zstd","accept-language":"en-GB","if-none-match":"W/\"2c1-WbE0caYTEA9av6w1gbOLfNRfgh4\""},"query":{"key":"**REDACTED**","limit":"all","include":"monthly_price,yearly_price,benefits"}},"res":{"_headers":{"x-powered-by":"Express","content-version":"v5.118","vary":"Accept-Version","cache-control":"public, max-age=0","access-control-allow-origin":"*","etag":"W/\"2c1-WbE0caYTEA9av6w1gbOLfNRfgh4\""},"statusCode":304,"responseTime":"16ms"},"msg":"","time":"2025-05-02T19:25:15.134Z","v":0}
{"name":"Log","hostname":"raspb5","pid":7605,"level":30,"version":"5.118.1","req":{"meta":{"requestId":"3661259f-73da-4e17-91b8-c58081ebab9b","userId":null},"url":"/newsletters/?key=64e443634f8673b87668a1dd0f&limit=all","method":"GET","originalUrl":"/ghost/api/content/newsletters/?key=64e443634f8673b87668a1dd0f&limit=all","params":{},"headers":{"host":"localhost:2368","connection":"keep-alive","sec-ch-ua-platform":"\"macOS\"","user-agent":"Mozilla/5.0 (Macintosh; Intel Mac OS X 10_15_7) AppleWebKit/537.36 (KHTML, like Gecko) Cursor/0.49.6 Chrome/132.0.6834.210 Electron/34.3.4 Safari/537.36","sec-ch-ua":"\"Not A(Brand\";v=\"8\", \"Chromium\";v=\"132\"","content-type":"application/json","sec-ch-ua-mobile":"?0","accept":"*/*","sec-fetch-site":"same-origin","sec-fetch-mode":"cors","sec-fetch-dest":"empty","referer":"http://localhost:2368/?vscodeBrowserReqId=1746213914760","accept-encoding":"gzip, deflate, br, zstd","accept-language":"en-GB","if-none-match":"W/\"1ac-dchjavZ+w64PCrpFQ7v3I48GOLU\""},"query":{"key":"**REDACTED**","limit":"all"}},"res":{"_headers":{"x-powered-by":"Express","content-version":"v5.118","vary":"Accept-Version","cache-control":"public, max-age=0","access-control-allow-origin":"*","etag":"W/\"1ac-dchjavZ+w64PCrpFQ7v3I48GOLU\""},"statusCode":304,"responseTime":"23ms"},"msg":"","time":"2025-05-02T19:25:15.143Z","v":0}
{"name":"Log","hostname":"raspb5","pid":7605,"level":30,"version":"5.118.1","req":{"meta":{"requestId":"bb0de06d-0268-42ed-9043-cbce42876aab","userId":null},"url":"/","method":"GET","originalUrl":"/","params":{},"headers":{"host":"ghost.freshspot.club","user-agent":"Mozilla/5.0 (Macintosh; Intel Mac OS X 10_15_7) AppleWebKit/537.36 (KHTML, like Gecko) Chrome/135.0.0.0 Safari/537.36","accept":"text/html,application/xhtml+xml,application/xml;q=0.9,image/avif,image/webp,image/apng,*/*;q=0.8,application/signed-exchange;v=b3;q=0.7","accept-encoding":"gzip, br","accept-language":"en-US,en;q=0.9,el;q=0.8","cache-control":"max-age=0","cdn-loop":"cloudflare; loops=1","cf-connecting-ip":"2a02:85f:ecc9:4c00:7:e275:844:4bdd","cf-ipcountry":"GR","cf-ray":"9399f0b2f86ad0d7-SOF","cf-visitor":"{\"scheme\":\"https\"}","cf-warp-tag-id":"c76cec64-cde5-48e6-a602-5545768ce5b0","connection":"keep-alive","cookie":"**REDACTED**","dnt":"1","priority":"u=0, i","sec-ch-ua":"\"Google Chrome\";v=\"135\", \"Not-A.Brand\";v=\"8\", \"Chromium\";v=\"135\"","sec-ch-ua-mobile":"?0","sec-ch-ua-platform":"\"macOS\"","sec-fetch-dest":"document","sec-fetch-mode":"navigate","sec-fetch-site":"cross-site","sec-fetch-user":"?1","upgrade-insecure-requests":"1","x-forwarded-for":"2a02:85f:ecc9:4c00:7:e275:844:4bdd","x-forwarded-proto":"https"},"query":{}},"res":{"_headers":{"x-powered-by":"Express","cache-control":"public, max-age=0","content-type":"text/html; charset=utf-8","etag":"W/\"4370-kHGev2PCfdgmrbrazR6rnnzPlUE\"","vary":"Accept-Encoding","content-encoding":"br"},"statusCode":200,"responseTime":"161ms"},"msg":"","time":"2025-05-02T19:31:40.865Z","v":0}
{"name":"Log","hostname":"raspb5","pid":7605,"level":30,"version":"5.118.1","req":{"meta":{"requestId":"960bc98a-9494-4905-bed5-3e9e84131eb2","userId":null},"url":"/assets/built/source.js?v=5f4f20092e","method":"GET","originalUrl":"/assets/built/source.js?v=5f4f20092e","params":{},"headers":{"host":"ghost.freshspot.club","user-agent":"Mozilla/5.0 (Macintosh; Intel Mac OS X 10_15_7) AppleWebKit/537.36 (KHTML, like Gecko) Chrome/135.0.0.0 Safari/537.36","accept":"*/*","accept-encoding":"gzip, br","accept-language":"en-US,en;q=0.9,el;q=0.8","cdn-loop":"cloudflare; loops=1","cf-connecting-ip":"2a02:85f:ecc9:4c00:7:e275:844:4bdd","cf-ipcountry":"GR","cf-ray":"9399f0b4c935d0d7-SOF","cf-visitor":"{\"scheme\":\"https\"}","cf-warp-tag-id":"c76cec64-cde5-48e6-a602-5545768ce5b0","connection":"keep-alive","cookie":"**REDACTED**","dnt":"1","priority":"u=1","referer":"https://ghost.freshspot.club/","sec-ch-ua":"\"Google Chrome\";v=\"135\", \"Not-A.Brand\";v=\"8\", \"Chromium\";v=\"135\"","sec-ch-ua-mobile":"?0","sec-ch-ua-platform":"\"macOS\"","sec-fetch-dest":"script","sec-fetch-mode":"no-cors","sec-fetch-site":"same-origin","x-forwarded-for":"2a02:85f:ecc9:4c00:7:e275:844:4bdd","x-forwarded-proto":"https"},"query":{"v":"5f4f20092e"}},"res":{"_headers":{"x-powered-by":"Express","accept-ranges":"bytes","cache-control":"public, max-age=0","last-modified":"Sat, 26 Oct 1985 08:15:00 GMT","etag":"W/\"cde1-7438674ba0\"","content-type":"application/javascript; charset=UTF-8","vary":"Accept-Encoding","content-encoding":"br"},"statusCode":200,"responseTime":"8ms"},"msg":"","time":"2025-05-02T19:31:40.982Z","v":0}
{"name":"Log","hostname":"raspb5","pid":7605,"level":30,"version":"5.118.1","req":{"meta":{"requestId":"ed325120-cb61-43ae-a9be-12f6c3767c62","userId":null},"url":"/assets/fonts/inter-roman.woff2?v=5f4f20092e","method":"GET","originalUrl":"/assets/fonts/inter-roman.woff2?v=5f4f20092e","params":{},"headers":{"host":"ghost.freshspot.club","user-agent":"Mozilla/5.0 (Macintosh; Intel Mac OS X 10_15_7) AppleWebKit/537.36 (KHTML, like Gecko) Chrome/135.0.0.0 Safari/537.36","accept":"*/*","accept-encoding":"gzip, br","accept-language":"en-US,en;q=0.9,el;q=0.8","cdn-loop":"cloudflare; loops=1","cf-connecting-ip":"2a02:85f:ecc9:4c00:7:e275:844:4bdd","cf-ipcountry":"GR","cf-ray":"9399f0b4c936d0d7-SOF","cf-visitor":"{\"scheme\":\"https\"}","cf-warp-tag-id":"a2e55709-2ccb-4154-936b-b2ffda057946","connection":"keep-alive","cookie":"**REDACTED**","dnt":"1","origin":"https://ghost.freshspot.club","priority":"u=1","referer":"https://ghost.freshspot.club/","sec-ch-ua":"\"Google Chrome\";v=\"135\", \"Not-A.Brand\";v=\"8\", \"Chromium\";v=\"135\"","sec-ch-ua-mobile":"?0","sec-ch-ua-platform":"\"macOS\"","sec-fetch-dest":"font","sec-fetch-mode":"cors","sec-fetch-site":"same-origin","x-forwarded-for":"2a02:85f:ecc9:4c00:7:e275:844:4bdd","x-forwarded-proto":"https"},"query":{"v":"5f4f20092e"}},"res":{"_headers":{"x-powered-by":"Express","accept-ranges":"bytes","cache-control":"public, max-age=0","last-modified":"Sat, 26 Oct 1985 08:15:00 GMT","etag":"W/\"9394-7438674ba0\"","content-type":"font/woff2","content-length":37780},"statusCode":200,"responseTime":"5ms"},"msg":"","time":"2025-05-02T19:31:41.032Z","v":0}
{"name":"Log","hostname":"raspb5","pid":7605,"level":30,"version":"5.118.1","req":{"meta":{"requestId":"13b7fd1a-3c0b-47fd-8e41-851489e23546","userId":null},"url":"/assets/built/screen.css?v=5f4f20092e","method":"GET","originalUrl":"/assets/built/screen.css?v=5f4f20092e","params":{},"headers":{"host":"ghost.freshspot.club","user-agent":"Mozilla/5.0 (Macintosh; Intel Mac OS X 10_15_7) AppleWebKit/537.36 (KHTML, like Gecko) Chrome/135.0.0.0 Safari/537.36","accept":"text/css,*/*;q=0.1","accept-encoding":"gzip, br","accept-language":"en-US,en;q=0.9,el;q=0.8","cdn-loop":"cloudflare; loops=1","cf-connecting-ip":"2a02:85f:ecc9:4c00:7:e275:844:4bdd","cf-ipcountry":"GR","cf-ray":"9399f0b4b934d0d7-SOF","cf-visitor":"{\"scheme\":\"https\"}","cf-warp-tag-id":"a2e55709-2ccb-4154-936b-b2ffda057946","connection":"keep-alive","cookie":"**REDACTED**","dnt":"1","priority":"u=0","referer":"https://ghost.freshspot.club/","sec-ch-ua":"\"Google Chrome\";v=\"135\", \"Not-A.Brand\";v=\"8\", \"Chromium\";v=\"135\"","sec-ch-ua-mobile":"?0","sec-ch-ua-platform":"\"macOS\"","sec-fetch-dest":"style","sec-fetch-mode":"no-cors","sec-fetch-site":"same-origin","x-forwarded-for":"2a02:85f:ecc9:4c00:7:e275:844:4bdd","x-forwarded-proto":"https"},"query":{"v":"5f4f20092e"}},"res":{"_headers":{"x-powered-by":"Express","accept-ranges":"bytes","cache-control":"public, max-age=0","last-modified":"Sat, 26 Oct 1985 08:15:00 GMT","etag":"W/\"d1bb-7438674ba0\"","content-type":"text/css; charset=UTF-8","vary":"Accept-Encoding","content-encoding":"br"},"statusCode":200,"responseTime":"9ms"},"msg":"","time":"2025-05-02T19:31:41.037Z","v":0}
{"name":"Log","hostname":"raspb5","pid":7605,"level":30,"version":"5.118.1","req":{"meta":{"requestId":"ecd1d618-f17f-48e2-bba9-9264adbcde68","userId":null},"url":"/public/cards.min.css?v=5f4f20092e","method":"GET","originalUrl":"/public/cards.min.css?v=5f4f20092e","params":{},"headers":{"host":"ghost.freshspot.club","user-agent":"Mozilla/5.0 (Macintosh; Intel Mac OS X 10_15_7) AppleWebKit/537.36 (KHTML, like Gecko) Chrome/135.0.0.0 Safari/537.36","accept":"text/css,*/*;q=0.1","accept-encoding":"gzip, br","accept-language":"en-US,en;q=0.9,el;q=0.8","cdn-loop":"cloudflare; loops=1","cf-connecting-ip":"2a02:85f:ecc9:4c00:7:e275:844:4bdd","cf-ipcountry":"GR","cf-ray":"9399f0b4c937d0d7-SOF","cf-visitor":"{\"scheme\":\"https\"}","cf-warp-tag-id":"c76cec64-cde5-48e6-a602-5545768ce5b0","connection":"keep-alive","cookie":"**REDACTED**","dnt":"1","priority":"u=0","referer":"https://ghost.freshspot.club/","sec-ch-ua":"\"Google Chrome\";v=\"135\", \"Not-A.Brand\";v=\"8\", \"Chromium\";v=\"135\"","sec-ch-ua-mobile":"?0","sec-ch-ua-platform":"\"macOS\"","sec-fetch-dest":"style","sec-fetch-mode":"no-cors","sec-fetch-site":"same-origin","x-forwarded-for":"2a02:85f:ecc9:4c00:7:e275:844:4bdd","x-forwarded-proto":"https"},"query":{"v":"5f4f20092e"}},"res":{"_headers":{"x-powered-by":"Express","content-type":"text/css","etag":"\"3801af0a554047aab1689db8c9cd3501\"","cache-control":"public, max-age=31536000","vary":"Accept-Encoding","content-encoding":"br"},"statusCode":200,"responseTime":"6ms"},"msg":"","time":"2025-05-02T19:31:41.041Z","v":0}
{"name":"Log","hostname":"raspb5","pid":7605,"level":30,"version":"5.118.1","req":{"meta":{"requestId":"8b472522-d124-4f94-9c17-a22e6fc2f3da","userId":null},"url":"/public/cards.min.js?v=5f4f20092e","method":"GET","originalUrl":"/public/cards.min.js?v=5f4f20092e","params":{},"headers":{"host":"ghost.freshspot.club","user-agent":"Mozilla/5.0 (Macintosh; Intel Mac OS X 10_15_7) AppleWebKit/537.36 (KHTML, like Gecko) Chrome/135.0.0.0 Safari/537.36","accept":"*/*","accept-encoding":"gzip, br","accept-language":"en-US,en;q=0.9,el;q=0.8","cdn-loop":"cloudflare; loops=1","cf-connecting-ip":"2a02:85f:ecc9:4c00:7:e275:844:4bdd","cf-ipcountry":"GR","cf-ray":"9399f0b739ccd0d7-SOF","cf-visitor":"{\"scheme\":\"https\"}","cf-warp-tag-id":"3cf4cf04-4047-4bdd-9cd4-77fbda15d168","connection":"keep-alive","cookie":"**REDACTED**","dnt":"1","referer":"https://ghost.freshspot.club/","sec-ch-ua":"\"Google Chrome\";v=\"135\", \"Not-A.Brand\";v=\"8\", \"Chromium\";v=\"135\"","sec-ch-ua-mobile":"?0","sec-ch-ua-platform":"\"macOS\"","sec-fetch-dest":"script","sec-fetch-mode":"no-cors","sec-fetch-site":"same-origin","x-forwarded-for":"2a02:85f:ecc9:4c00:7:e275:844:4bdd","x-forwarded-proto":"https"},"query":{"v":"5f4f20092e"}},"res":{"_headers":{"x-powered-by":"Express","content-type":"application/javascript","etag":"\"55333b755c5385e9d3df7b224ded944f\"","cache-control":"public, max-age=31536000","vary":"Accept-Encoding","content-encoding":"br"},"statusCode":200,"responseTime":"2ms"},"msg":"","time":"2025-05-02T19:31:41.384Z","v":0}
{"name":"Log","hostname":"raspb5","pid":7605,"level":30,"version":"5.118.1","req":{"meta":{"requestId":"9ebaef46-bf7a-4394-9cf5-ccd812e8cfaf","userId":null},"url":"/public/member-attribution.min.js?v=5f4f20092e","method":"GET","originalUrl":"/public/member-attribution.min.js?v=5f4f20092e","params":{},"headers":{"host":"ghost.freshspot.club","user-agent":"Mozilla/5.0 (Macintosh; Intel Mac OS X 10_15_7) AppleWebKit/537.36 (KHTML, like Gecko) Chrome/135.0.0.0 Safari/537.36","accept":"*/*","accept-encoding":"gzip, br","accept-language":"en-US,en;q=0.9,el;q=0.8","cdn-loop":"cloudflare; loops=1","cf-connecting-ip":"2a02:85f:ecc9:4c00:7:e275:844:4bdd","cf-ipcountry":"GR","cf-ray":"9399f0b739ced0d7-SOF","cf-visitor":"{\"scheme\":\"https\"}","cf-warp-tag-id":"a2e55709-2ccb-4154-936b-b2ffda057946","connection":"keep-alive","cookie":"**REDACTED**","dnt":"1","referer":"https://ghost.freshspot.club/","sec-ch-ua":"\"Google Chrome\";v=\"135\", \"Not-A.Brand\";v=\"8\", \"Chromium\";v=\"135\"","sec-ch-ua-mobile":"?0","sec-ch-ua-platform":"\"macOS\"","sec-fetch-dest":"script","sec-fetch-mode":"no-cors","sec-fetch-site":"same-origin","x-forwarded-for":"2a02:85f:ecc9:4c00:7:e275:844:4bdd","x-forwarded-proto":"https"},"query":{"v":"5f4f20092e"}},"res":{"_headers":{"x-powered-by":"Express","content-type":"application/javascript","etag":"\"90a301fc8a68d077ca64866820fab358\"","cache-control":"public, max-age=31536000","vary":"Accept-Encoding","content-encoding":"br"},"statusCode":200,"responseTime":"2ms"},"msg":"","time":"2025-05-02T19:31:41.455Z","v":0}
{"name":"Log","hostname":"raspb5","pid":7605,"level":30,"version":"5.118.1","req":{"meta":{"requestId":"ee89fd53-d3b7-4723-84a5-d7f75bb16947","userId":null},"url":"/api/member/","method":"OPTIONS","originalUrl":"/members/api/member/","params":{},"headers":{"host":"localhost:2368","connection":"keep-alive","access-control-request-method":"GET","access-control-request-private-network":"true","origin":"https://ghost.freshspot.club","user-agent":"Mozilla/5.0 (Macintosh; Intel Mac OS X 10_15_7) AppleWebKit/537.36 (KHTML, like Gecko) Chrome/135.0.0.0 Safari/537.36","sec-fetch-mode":"cors","sec-fetch-site":"cross-site","sec-fetch-dest":"empty","accept-encoding":"gzip, deflate, br, zstd","accept-language":"en-US,en;q=0.9,el;q=0.8"},"query":{}},"res":{"_headers":{"x-powered-by":"Express","cache-control":"no-cache, private, no-store, must-revalidate, max-stale=0, post-check=0, pre-check=0","access-control-allow-origin":"*","access-control-allow-methods":"GET,HEAD,PUT,PATCH,POST,DELETE","vary":"Access-Control-Request-Headers","access-control-max-age":"86400","content-length":"0"},"statusCode":204,"responseTime":"2ms"},"msg":"","time":"2025-05-02T19:31:41.508Z","v":0}
{"name":"Log","hostname":"raspb5","pid":7605,"level":30,"version":"5.118.1","req":{"meta":{"requestId":"a034860d-d9e5-4f16-85e7-1b33279c7dfb","userId":null},"url":"/api/member/","method":"GET","originalUrl":"/members/api/member/","params":{},"headers":{"host":"localhost:2368","connection":"keep-alive","sec-ch-ua-platform":"\"macOS\"","user-agent":"Mozilla/5.0 (Macintosh; Intel Mac OS X 10_15_7) AppleWebKit/537.36 (KHTML, like Gecko) Chrome/135.0.0.0 Safari/537.36","sec-ch-ua":"\"Google Chrome\";v=\"135\", \"Not-A.Brand\";v=\"8\", \"Chromium\";v=\"135\"","dnt":"1","sec-ch-ua-mobile":"?0","accept":"*/*","origin":"https://ghost.freshspot.club","sec-fetch-site":"cross-site","sec-fetch-mode":"cors","sec-fetch-dest":"empty","accept-encoding":"gzip, deflate, br, zstd","accept-language":"en-US,en;q=0.9,el;q=0.8"},"query":{}},"res":{"_headers":{"x-powered-by":"Express","cache-control":"no-cache, private, no-store, must-revalidate, max-stale=0, post-check=0, pre-check=0","access-control-allow-origin":"*"},"statusCode":204,"responseTime":"1ms"},"msg":"","time":"2025-05-02T19:31:41.516Z","v":0}
{"name":"Log","hostname":"raspb5","pid":7605,"level":30,"version":"5.118.1","req":{"meta":{"requestId":"ce7de901-d718-4c4f-8532-a4311636704e","userId":null},"url":"/settings/?key=64e443634f8673b87668a1dd0f&limit=all","method":"OPTIONS","originalUrl":"/ghost/api/content/settings/?key=64e443634f8673b87668a1dd0f&limit=all","params":{},"headers":{"host":"localhost:2368","connection":"keep-alive","accept":"*/*","access-control-request-method":"GET","access-control-request-headers":"content-type","access-control-request-private-network":"true","origin":"https://ghost.freshspot.club","user-agent":"Mozilla/5.0 (Macintosh; Intel Mac OS X 10_15_7) AppleWebKit/537.36 (KHTML, like Gecko) Chrome/135.0.0.0 Safari/537.36","sec-fetch-mode":"cors","sec-fetch-site":"cross-site","sec-fetch-dest":"empty","accept-encoding":"gzip, deflate, br, zstd","accept-language":"en-US,en;q=0.9,el;q=0.8"},"query":{"key":"**REDACTED**","limit":"all"}},"res":{"_headers":{"x-powered-by":"Express","content-version":"v5.118","vary":"Accept-Version, Access-Control-Request-Headers","cache-control":"public, max-age=0","access-control-allow-origin":"*","access-control-allow-methods":"GET,HEAD,PUT,PATCH,POST,DELETE","access-control-allow-headers":"content-type","access-control-max-age":"86400","content-length":"0"},"statusCode":204,"responseTime":"1ms"},"msg":"","time":"2025-05-02T19:31:41.525Z","v":0}
{"name":"Log","hostname":"raspb5","pid":7605,"level":30,"version":"5.118.1","req":{"meta":{"requestId":"c07829e3-0c06-49a3-90a1-b4a8161db5e8","userId":null},"url":"/tiers/?key=64e443634f8673b87668a1dd0f&limit=all&include=monthly_price,yearly_price,benefits","method":"OPTIONS","originalUrl":"/ghost/api/content/tiers/?key=64e443634f8673b87668a1dd0f&limit=all&include=monthly_price,yearly_price,benefits","params":{},"headers":{"host":"localhost:2368","connection":"keep-alive","accept":"*/*","access-control-request-method":"GET","access-control-request-headers":"content-type","access-control-request-private-network":"true","origin":"https://ghost.freshspot.club","user-agent":"Mozilla/5.0 (Macintosh; Intel Mac OS X 10_15_7) AppleWebKit/537.36 (KHTML, like Gecko) Chrome/135.0.0.0 Safari/537.36","sec-fetch-mode":"cors","sec-fetch-site":"cross-site","sec-fetch-dest":"empty","accept-encoding":"gzip, deflate, br, zstd","accept-language":"en-US,en;q=0.9,el;q=0.8"},"query":{"key":"**REDACTED**","limit":"all","include":"monthly_price,yearly_price,benefits"}},"res":{"_headers":{"x-powered-by":"Express","content-version":"v5.118","vary":"Accept-Version, Access-Control-Request-Headers","cache-control":"public, max-age=0","access-control-allow-origin":"*","access-control-allow-methods":"GET,HEAD,PUT,PATCH,POST,DELETE","access-control-allow-headers":"content-type","access-control-max-age":"86400","content-length":"0"},"statusCode":204,"responseTime":"1ms"},"msg":"","time":"2025-05-02T19:31:41.528Z","v":0}
{"name":"Log","hostname":"raspb5","pid":7605,"level":30,"version":"5.118.1","req":{"meta":{"requestId":"c887f146-605a-4038-9c91-6fff1ca44790","userId":null},"url":"/settings/?key=64e443634f8673b87668a1dd0f&limit=all","method":"GET","originalUrl":"/ghost/api/content/settings/?key=64e443634f8673b87668a1dd0f&limit=all","params":{},"headers":{"host":"localhost:2368","connection":"keep-alive","sec-ch-ua-platform":"\"macOS\"","user-agent":"Mozilla/5.0 (Macintosh; Intel Mac OS X 10_15_7) AppleWebKit/537.36 (KHTML, like Gecko) Chrome/135.0.0.0 Safari/537.36","sec-ch-ua":"\"Google Chrome\";v=\"135\", \"Not-A.Brand\";v=\"8\", \"Chromium\";v=\"135\"","dnt":"1","content-type":"application/json","sec-ch-ua-mobile":"?0","accept":"*/*","origin":"https://ghost.freshspot.club","sec-fetch-site":"cross-site","sec-fetch-mode":"cors","sec-fetch-dest":"empty","accept-encoding":"gzip, deflate, br, zstd","accept-language":"en-US,en;q=0.9,el;q=0.8"},"query":{"key":"**REDACTED**","limit":"all"}},"res":{"_headers":{"x-powered-by":"Express","content-version":"v5.118","vary":"Accept-Version, Accept-Encoding","cache-control":"public, max-age=0","access-control-allow-origin":"*","content-type":"application/json; charset=utf-8","etag":"W/\"592-5Acf3c9y5SOfZQNX6Wnt1/qMm8A\"","content-encoding":"br"},"statusCode":200,"responseTime":"15ms"},"msg":"","time":"2025-05-02T19:31:41.546Z","v":0}
{"name":"Log","hostname":"raspb5","pid":7605,"level":30,"version":"5.118.1","req":{"meta":{"requestId":"708bef53-1590-4adb-96f2-a6595297e906","userId":null},"url":"/tiers/?key=64e443634f8673b87668a1dd0f&limit=all&include=monthly_price,yearly_price,benefits","method":"GET","originalUrl":"/ghost/api/content/tiers/?key=64e443634f8673b87668a1dd0f&limit=all&include=monthly_price,yearly_price,benefits","params":{},"headers":{"host":"localhost:2368","connection":"keep-alive","sec-ch-ua-platform":"\"macOS\"","user-agent":"Mozilla/5.0 (Macintosh; Intel Mac OS X 10_15_7) AppleWebKit/537.36 (KHTML, like Gecko) Chrome/135.0.0.0 Safari/537.36","sec-ch-ua":"\"Google Chrome\";v=\"135\", \"Not-A.Brand\";v=\"8\", \"Chromium\";v=\"135\"","dnt":"1","content-type":"application/json","sec-ch-ua-mobile":"?0","accept":"*/*","origin":"https://ghost.freshspot.club","sec-fetch-site":"cross-site","sec-fetch-mode":"cors","sec-fetch-dest":"empty","accept-encoding":"gzip, deflate, br, zstd","accept-language":"en-US,en;q=0.9,el;q=0.8"},"query":{"key":"**REDACTED**","limit":"all","include":"monthly_price,yearly_price,benefits"}},"res":{"_headers":{"x-powered-by":"Express","content-version":"v5.118","vary":"Accept-Version, Accept-Encoding","cache-control":"public, max-age=0","access-control-allow-origin":"*","content-type":"application/json; charset=utf-8","content-length":"705","etag":"W/\"2c1-WbE0caYTEA9av6w1gbOLfNRfgh4\""},"statusCode":200,"responseTime":"16ms"},"msg":"","time":"2025-05-02T19:31:41.554Z","v":0}
{"name":"Log","hostname":"raspb5","pid":7605,"level":30,"version":"5.118.1","req":{"meta":{"requestId":"3527616f-de2f-465a-a7ac-526a31410e90","userId":null},"url":"/newsletters/?key=64e443634f8673b87668a1dd0f&limit=all","method":"OPTIONS","originalUrl":"/ghost/api/content/newsletters/?key=64e443634f8673b87668a1dd0f&limit=all","params":{},"headers":{"host":"localhost:2368","connection":"keep-alive","accept":"*/*","access-control-request-method":"GET","access-control-request-headers":"content-type","access-control-request-private-network":"true","origin":"https://ghost.freshspot.club","user-agent":"Mozilla/5.0 (Macintosh; Intel Mac OS X 10_15_7) AppleWebKit/537.36 (KHTML, like Gecko) Chrome/135.0.0.0 Safari/537.36","sec-fetch-mode":"cors","sec-fetch-site":"cross-site","sec-fetch-dest":"empty","accept-encoding":"gzip, deflate, br, zstd","accept-language":"en-US,en;q=0.9,el;q=0.8"},"query":{"key":"**REDACTED**","limit":"all"}},"res":{"_headers":{"x-powered-by":"Express","content-version":"v5.118","vary":"Accept-Version, Access-Control-Request-Headers","cache-control":"public, max-age=0","access-control-allow-origin":"*","access-control-allow-methods":"GET,HEAD,PUT,PATCH,POST,DELETE","access-control-allow-headers":"content-type","access-control-max-age":"86400","content-length":"0"},"statusCode":204,"responseTime":"0ms"},"msg":"","time":"2025-05-02T19:31:41.558Z","v":0}
{"name":"Log","hostname":"raspb5","pid":7605,"level":30,"version":"5.118.1","req":{"meta":{"requestId":"1a3aa8d0-cce2-4c40-82ab-d98349dca2ab","userId":null},"url":"/newsletters/?key=64e443634f8673b87668a1dd0f&limit=all","method":"GET","originalUrl":"/ghost/api/content/newsletters/?key=64e443634f8673b87668a1dd0f&limit=all","params":{},"headers":{"host":"localhost:2368","connection":"keep-alive","sec-ch-ua-platform":"\"macOS\"","user-agent":"Mozilla/5.0 (Macintosh; Intel Mac OS X 10_15_7) AppleWebKit/537.36 (KHTML, like Gecko) Chrome/135.0.0.0 Safari/537.36","sec-ch-ua":"\"Google Chrome\";v=\"135\", \"Not-A.Brand\";v=\"8\", \"Chromium\";v=\"135\"","dnt":"1","content-type":"application/json","sec-ch-ua-mobile":"?0","accept":"*/*","origin":"https://ghost.freshspot.club","sec-fetch-site":"cross-site","sec-fetch-mode":"cors","sec-fetch-dest":"empty","accept-encoding":"gzip, deflate, br, zstd","accept-language":"en-US,en;q=0.9,el;q=0.8"},"query":{"key":"**REDACTED**","limit":"all"}},"res":{"_headers":{"x-powered-by":"Express","content-version":"v5.118","vary":"Accept-Version, Accept-Encoding","cache-control":"public, max-age=0","access-control-allow-origin":"*","content-type":"application/json; charset=utf-8","content-length":"428","etag":"W/\"1ac-dchjavZ+w64PCrpFQ7v3I48GOLU\""},"statusCode":200,"responseTime":"12ms"},"msg":"","time":"2025-05-02T19:31:41.618Z","v":0}
{"name":"Log","hostname":"raspb5","pid":7605,"level":30,"version":"5.118.1","req":{"meta":{"requestId":"bc7a827e-6359-402b-bd60-ffc086a3ecee","userId":null},"url":"/favicon.ico","method":"GET","originalUrl":"/favicon.ico","params":{},"headers":{"host":"ghost.freshspot.club","user-agent":"Mozilla/5.0 (Macintosh; Intel Mac OS X 10_15_7) AppleWebKit/537.36 (KHTML, like Gecko) Chrome/135.0.0.0 Safari/537.36","accept":"image/avif,image/webp,image/apng,image/svg+xml,image/*,*/*;q=0.8","accept-encoding":"gzip, br","accept-language":"en-US,en;q=0.9,el;q=0.8","cdn-loop":"cloudflare; loops=1","cf-connecting-ip":"2a02:85f:ecc9:4c00:7:e275:844:4bdd","cf-ipcountry":"GR","cf-ray":"9399f0b8aa56d0d7-SOF","cf-visitor":"{\"scheme\":\"https\"}","cf-warp-tag-id":"c76cec64-cde5-48e6-a602-5545768ce5b0","connection":"keep-alive","cookie":"**REDACTED**","dnt":"1","priority":"u=1, i","referer":"https://ghost.freshspot.club/","sec-ch-ua":"\"Google Chrome\";v=\"135\", \"Not-A.Brand\";v=\"8\", \"Chromium\";v=\"135\"","sec-ch-ua-mobile":"?0","sec-ch-ua-platform":"\"macOS\"","sec-fetch-dest":"image","sec-fetch-mode":"no-cors","sec-fetch-site":"same-origin","x-forwarded-for":"2a02:85f:ecc9:4c00:7:e275:844:4bdd","x-forwarded-proto":"https"},"query":{}},"res":{"_headers":{"x-powered-by":"Express","content-type":"image/x-icon","etag":"\"a9c6dbdcdc3ae568f4e0dad92149a0e3\"","cache-control":"public, max-age=86400","vary":"Accept-Encoding","content-encoding":"br"},"statusCode":200,"responseTime":"3ms"},"msg":"","time":"2025-05-02T19:31:41.652Z","v":0}
{"name":"Log","hostname":"raspb5","pid":7605,"level":30,"version":"5.118.1","req":{"meta":{"requestId":"f51ed0b5-c144-451f-bfa6-af384c7180d3","userId":null},"url":"/","method":"GET","originalUrl":"/","params":{},"headers":{"host":"ghost.freshspot.club","user-agent":"Mozilla/5.0 (Macintosh; Intel Mac OS X 10_15_7) AppleWebKit/537.36 (KHTML, like Gecko) Chrome/135.0.0.0 Safari/537.36","accept":"text/html,application/xhtml+xml,application/xml;q=0.9,image/avif,image/webp,image/apng,*/*;q=0.8,application/signed-exchange;v=b3;q=0.7","accept-encoding":"gzip, br","accept-language":"en-US,en;q=0.9,el;q=0.8","cache-control":"max-age=0","cdn-loop":"cloudflare; loops=1","cf-connecting-ip":"2a02:85f:ecc9:4c00:7:e275:844:4bdd","cf-ipcountry":"GR","cf-ray":"9399f416ee38d0d6-SOF","cf-visitor":"{\"scheme\":\"https\"}","cf-warp-tag-id":"c76cec64-cde5-48e6-a602-5545768ce5b0","connection":"keep-alive","cookie":"**REDACTED**","dnt":"1","priority":"u=0, i","sec-ch-ua":"\"Google Chrome\";v=\"135\", \"Not-A.Brand\";v=\"8\", \"Chromium\";v=\"135\"","sec-ch-ua-mobile":"?0","sec-ch-ua-platform":"\"macOS\"","sec-fetch-dest":"document","sec-fetch-mode":"navigate","sec-fetch-site":"cross-site","sec-fetch-user":"?1","upgrade-insecure-requests":"1","x-forwarded-for":"2a02:85f:ecc9:4c00:7:e275:844:4bdd","x-forwarded-proto":"https"},"query":{}},"res":{"_headers":{"x-powered-by":"Express","cache-control":"public, max-age=0","content-type":"text/html; charset=utf-8","etag":"W/\"4370-kHGev2PCfdgmrbrazR6rnnzPlUE\"","vary":"Accept-Encoding","content-encoding":"br"},"statusCode":200,"responseTime":"140ms"},"msg":"","time":"2025-05-02T19:33:59.758Z","v":0}
{"name":"Log","hostname":"raspb5","pid":7605,"level":30,"version":"5.118.1","req":{"meta":{"requestId":"44272bad-02aa-4483-8afd-e484856fece8","userId":null},"url":"/api/member/","method":"GET","originalUrl":"/members/api/member/","params":{},"headers":{"host":"localhost:2368","connection":"keep-alive","sec-ch-ua-platform":"\"macOS\"","user-agent":"Mozilla/5.0 (Macintosh; Intel Mac OS X 10_15_7) AppleWebKit/537.36 (KHTML, like Gecko) Chrome/135.0.0.0 Safari/537.36","sec-ch-ua":"\"Google Chrome\";v=\"135\", \"Not-A.Brand\";v=\"8\", \"Chromium\";v=\"135\"","dnt":"1","sec-ch-ua-mobile":"?0","accept":"*/*","origin":"https://ghost.freshspot.club","sec-fetch-site":"cross-site","sec-fetch-mode":"cors","sec-fetch-dest":"empty","accept-encoding":"gzip, deflate, br, zstd","accept-language":"en-US,en;q=0.9,el;q=0.8"},"query":{}},"res":{"_headers":{"x-powered-by":"Express","cache-control":"no-cache, private, no-store, must-revalidate, max-stale=0, post-check=0, pre-check=0","access-control-allow-origin":"*"},"statusCode":204,"responseTime":"1ms"},"msg":"","time":"2025-05-02T19:34:00.286Z","v":0}
{"name":"Log","hostname":"raspb5","pid":7605,"level":30,"version":"5.118.1","req":{"meta":{"requestId":"8186f1f2-9210-4897-a970-e2bd37e8d8c7","userId":null},"url":"/settings/?key=64e443634f8673b87668a1dd0f&limit=all","method":"GET","originalUrl":"/ghost/api/content/settings/?key=64e443634f8673b87668a1dd0f&limit=all","params":{},"headers":{"host":"localhost:2368","connection":"keep-alive","sec-ch-ua-platform":"\"macOS\"","user-agent":"Mozilla/5.0 (Macintosh; Intel Mac OS X 10_15_7) AppleWebKit/537.36 (KHTML, like Gecko) Chrome/135.0.0.0 Safari/537.36","sec-ch-ua":"\"Google Chrome\";v=\"135\", \"Not-A.Brand\";v=\"8\", \"Chromium\";v=\"135\"","dnt":"1","content-type":"application/json","sec-ch-ua-mobile":"?0","accept":"*/*","origin":"https://ghost.freshspot.club","sec-fetch-site":"cross-site","sec-fetch-mode":"cors","sec-fetch-dest":"empty","accept-encoding":"gzip, deflate, br, zstd","accept-language":"en-US,en;q=0.9,el;q=0.8","if-none-match":"W/\"592-5Acf3c9y5SOfZQNX6Wnt1/qMm8A\""},"query":{"key":"**REDACTED**","limit":"all"}},"res":{"_headers":{"x-powered-by":"Express","content-version":"v5.118","vary":"Accept-Version","cache-control":"public, max-age=0","access-control-allow-origin":"*","etag":"W/\"592-5Acf3c9y5SOfZQNX6Wnt1/qMm8A\""},"statusCode":304,"responseTime":"12ms"},"msg":"","time":"2025-05-02T19:34:00.306Z","v":0}
{"name":"Log","hostname":"raspb5","pid":7605,"level":30,"version":"5.118.1","req":{"meta":{"requestId":"eb44540f-b82c-4653-b142-e1f1eccc92ca","userId":null},"url":"/newsletters/?key=64e443634f8673b87668a1dd0f&limit=all","method":"GET","originalUrl":"/ghost/api/content/newsletters/?key=64e443634f8673b87668a1dd0f&limit=all","params":{},"headers":{"host":"localhost:2368","connection":"keep-alive","sec-ch-ua-platform":"\"macOS\"","user-agent":"Mozilla/5.0 (Macintosh; Intel Mac OS X 10_15_7) AppleWebKit/537.36 (KHTML, like Gecko) Chrome/135.0.0.0 Safari/537.36","sec-ch-ua":"\"Google Chrome\";v=\"135\", \"Not-A.Brand\";v=\"8\", \"Chromium\";v=\"135\"","dnt":"1","content-type":"application/json","sec-ch-ua-mobile":"?0","accept":"*/*","origin":"https://ghost.freshspot.club","sec-fetch-site":"cross-site","sec-fetch-mode":"cors","sec-fetch-dest":"empty","accept-encoding":"gzip, deflate, br, zstd","accept-language":"en-US,en;q=0.9,el;q=0.8","if-none-match":"W/\"1ac-dchjavZ+w64PCrpFQ7v3I48GOLU\""},"query":{"key":"**REDACTED**","limit":"all"}},"res":{"_headers":{"x-powered-by":"Express","content-version":"v5.118","vary":"Accept-Version","cache-control":"public, max-age=0","access-control-allow-origin":"*","etag":"W/\"1ac-dchjavZ+w64PCrpFQ7v3I48GOLU\""},"statusCode":304,"responseTime":"18ms"},"msg":"","time":"2025-05-02T19:34:00.314Z","v":0}
{"name":"Log","hostname":"raspb5","pid":7605,"level":30,"version":"5.118.1","req":{"meta":{"requestId":"261a9650-f86e-45de-83b7-4e118a2b5ea0","userId":null},"url":"/tiers/?key=64e443634f8673b87668a1dd0f&limit=all&include=monthly_price,yearly_price,benefits","method":"GET","originalUrl":"/ghost/api/content/tiers/?key=64e443634f8673b87668a1dd0f&limit=all&include=monthly_price,yearly_price,benefits","params":{},"headers":{"host":"localhost:2368","connection":"keep-alive","sec-ch-ua-platform":"\"macOS\"","user-agent":"Mozilla/5.0 (Macintosh; Intel Mac OS X 10_15_7) AppleWebKit/537.36 (KHTML, like Gecko) Chrome/135.0.0.0 Safari/537.36","sec-ch-ua":"\"Google Chrome\";v=\"135\", \"Not-A.Brand\";v=\"8\", \"Chromium\";v=\"135\"","dnt":"1","content-type":"application/json","sec-ch-ua-mobile":"?0","accept":"*/*","origin":"https://ghost.freshspot.club","sec-fetch-site":"cross-site","sec-fetch-mode":"cors","sec-fetch-dest":"empty","accept-encoding":"gzip, deflate, br, zstd","accept-language":"en-US,en;q=0.9,el;q=0.8","if-none-match":"W/\"2c1-WbE0caYTEA9av6w1gbOLfNRfgh4\""},"query":{"key":"**REDACTED**","limit":"all","include":"monthly_price,yearly_price,benefits"}},"res":{"_headers":{"x-powered-by":"Express","content-version":"v5.118","vary":"Accept-Version","cache-control":"public, max-age=0","access-control-allow-origin":"*","etag":"W/\"2c1-WbE0caYTEA9av6w1gbOLfNRfgh4\""},"statusCode":304,"responseTime":"9ms"},"msg":"","time":"2025-05-02T19:34:00.369Z","v":0}
{"name":"Log","hostname":"raspb5","pid":7605,"level":30,"version":"5.118.1","req":{"meta":{"requestId":"0c6a84ec-e5d1-481f-aa10-571678106075","userId":null},"url":"/","method":"GET","originalUrl":"/","params":{},"headers":{"host":"ghost.freshspot.club","user-agent":"Mozilla/5.0 (Macintosh; Intel Mac OS X 10_15_7) AppleWebKit/537.36 (KHTML, like Gecko) Chrome/135.0.0.0 Safari/537.36","accept":"text/html,application/xhtml+xml,application/xml;q=0.9,image/avif,image/webp,image/apng,*/*;q=0.8,application/signed-exchange;v=b3;q=0.7","accept-encoding":"gzip, br","accept-language":"en-US,en;q=0.9,el;q=0.8","cdn-loop":"cloudflare; loops=1","cf-connecting-ip":"2a02:85f:ecc9:4c00:7:e275:844:4bdd","cf-ipcountry":"GR","cf-ray":"939a05439dfcd0d6-SOF","cf-visitor":"{\"scheme\":\"https\"}","cf-warp-tag-id":"3f0f2ac9-bcf7-4084-9a31-7ab684fb2e59","connection":"keep-alive","cookie":"**REDACTED**","dnt":"1","priority":"u=0, i","sec-ch-ua":"\"Google Chrome\";v=\"135\", \"Not-A.Brand\";v=\"8\", \"Chromium\";v=\"135\"","sec-ch-ua-mobile":"?0","sec-ch-ua-platform":"\"macOS\"","sec-fetch-dest":"document","sec-fetch-mode":"navigate","sec-fetch-site":"none","sec-fetch-user":"?1","upgrade-insecure-requests":"1","x-forwarded-for":"2a02:85f:ecc9:4c00:7:e275:844:4bdd","x-forwarded-proto":"https"},"query":{}},"res":{"_headers":{"x-powered-by":"Express","cache-control":"public, max-age=0","content-type":"text/html; charset=utf-8","etag":"W/\"4370-kHGev2PCfdgmrbrazR6rnnzPlUE\"","vary":"Accept-Encoding","content-encoding":"br"},"statusCode":200,"responseTime":"118ms"},"msg":"","time":"2025-05-02T19:45:43.219Z","v":0}
{"name":"Log","hostname":"raspb5","pid":7605,"level":30,"version":"5.118.1","req":{"meta":{"requestId":"ba807fee-3487-4e9d-8edc-384e0ba03b11","userId":null},"url":"/api/member/","method":"GET","originalUrl":"/members/api/member/","params":{},"headers":{"host":"localhost:2368","connection":"keep-alive","sec-ch-ua-platform":"\"macOS\"","user-agent":"Mozilla/5.0 (Macintosh; Intel Mac OS X 10_15_7) AppleWebKit/537.36 (KHTML, like Gecko) Chrome/135.0.0.0 Safari/537.36","sec-ch-ua":"\"Google Chrome\";v=\"135\", \"Not-A.Brand\";v=\"8\", \"Chromium\";v=\"135\"","dnt":"1","sec-ch-ua-mobile":"?0","accept":"*/*","origin":"https://ghost.freshspot.club","sec-fetch-site":"cross-site","sec-fetch-mode":"cors","sec-fetch-dest":"empty","accept-encoding":"gzip, deflate, br, zstd","accept-language":"en-US,en;q=0.9,el;q=0.8"},"query":{}},"res":{"_headers":{"x-powered-by":"Express","cache-control":"no-cache, private, no-store, must-revalidate, max-stale=0, post-check=0, pre-check=0","access-control-allow-origin":"*"},"statusCode":204,"responseTime":"1ms"},"msg":"","time":"2025-05-02T19:45:43.801Z","v":0}
{"name":"Log","hostname":"raspb5","pid":7605,"level":30,"version":"5.118.1","req":{"meta":{"requestId":"d6fd0684-4095-4a29-9b47-80d6c5fd1a7c","userId":null},"url":"/settings/?key=64e443634f8673b87668a1dd0f&limit=all","method":"GET","originalUrl":"/ghost/api/content/settings/?key=64e443634f8673b87668a1dd0f&limit=all","params":{},"headers":{"host":"localhost:2368","connection":"keep-alive","sec-ch-ua-platform":"\"macOS\"","user-agent":"Mozilla/5.0 (Macintosh; Intel Mac OS X 10_15_7) AppleWebKit/537.36 (KHTML, like Gecko) Chrome/135.0.0.0 Safari/537.36","sec-ch-ua":"\"Google Chrome\";v=\"135\", \"Not-A.Brand\";v=\"8\", \"Chromium\";v=\"135\"","dnt":"1","content-type":"application/json","sec-ch-ua-mobile":"?0","accept":"*/*","origin":"https://ghost.freshspot.club","sec-fetch-site":"cross-site","sec-fetch-mode":"cors","sec-fetch-dest":"empty","accept-encoding":"gzip, deflate, br, zstd","accept-language":"en-US,en;q=0.9,el;q=0.8","if-none-match":"W/\"592-5Acf3c9y5SOfZQNX6Wnt1/qMm8A\""},"query":{"key":"**REDACTED**","limit":"all"}},"res":{"_headers":{"x-powered-by":"Express","content-version":"v5.118","vary":"Accept-Version","cache-control":"public, max-age=0","access-control-allow-origin":"*","etag":"W/\"592-5Acf3c9y5SOfZQNX6Wnt1/qMm8A\""},"statusCode":304,"responseTime":"12ms"},"msg":"","time":"2025-05-02T19:45:43.831Z","v":0}
{"name":"Log","hostname":"raspb5","pid":7605,"level":30,"version":"5.118.1","req":{"meta":{"requestId":"14325be8-cf35-4db5-b292-14f5becace31","userId":null},"url":"/tiers/?key=64e443634f8673b87668a1dd0f&limit=all&include=monthly_price,yearly_price,benefits","method":"GET","originalUrl":"/ghost/api/content/tiers/?key=64e443634f8673b87668a1dd0f&limit=all&include=monthly_price,yearly_price,benefits","params":{},"headers":{"host":"localhost:2368","connection":"keep-alive","sec-ch-ua-platform":"\"macOS\"","user-agent":"Mozilla/5.0 (Macintosh; Intel Mac OS X 10_15_7) AppleWebKit/537.36 (KHTML, like Gecko) Chrome/135.0.0.0 Safari/537.36","sec-ch-ua":"\"Google Chrome\";v=\"135\", \"Not-A.Brand\";v=\"8\", \"Chromium\";v=\"135\"","dnt":"1","content-type":"application/json","sec-ch-ua-mobile":"?0","accept":"*/*","origin":"https://ghost.freshspot.club","sec-fetch-site":"cross-site","sec-fetch-mode":"cors","sec-fetch-dest":"empty","accept-encoding":"gzip, deflate, br, zstd","accept-language":"en-US,en;q=0.9,el;q=0.8","if-none-match":"W/\"2c1-WbE0caYTEA9av6w1gbOLfNRfgh4\""},"query":{"key":"**REDACTED**","limit":"all","include":"monthly_price,yearly_price,benefits"}},"res":{"_headers":{"x-powered-by":"Express","content-version":"v5.118","vary":"Accept-Version","cache-control":"public, max-age=0","access-control-allow-origin":"*","etag":"W/\"2c1-WbE0caYTEA9av6w1gbOLfNRfgh4\""},"statusCode":304,"responseTime":"12ms"},"msg":"","time":"2025-05-02T19:45:43.836Z","v":0}
{"name":"Log","hostname":"raspb5","pid":7605,"level":30,"version":"5.118.1","req":{"meta":{"requestId":"1b434dc5-6d3a-475c-b379-3ed2eec077f0","userId":null},"url":"/newsletters/?key=64e443634f8673b87668a1dd0f&limit=all","method":"GET","originalUrl":"/ghost/api/content/newsletters/?key=64e443634f8673b87668a1dd0f&limit=all","params":{},"headers":{"host":"localhost:2368","connection":"keep-alive","sec-ch-ua-platform":"\"macOS\"","user-agent":"Mozilla/5.0 (Macintosh; Intel Mac OS X 10_15_7) AppleWebKit/537.36 (KHTML, like Gecko) Chrome/135.0.0.0 Safari/537.36","sec-ch-ua":"\"Google Chrome\";v=\"135\", \"Not-A.Brand\";v=\"8\", \"Chromium\";v=\"135\"","dnt":"1","content-type":"application/json","sec-ch-ua-mobile":"?0","accept":"*/*","origin":"https://ghost.freshspot.club","sec-fetch-site":"cross-site","sec-fetch-mode":"cors","sec-fetch-dest":"empty","accept-encoding":"gzip, deflate, br, zstd","accept-language":"en-US,en;q=0.9,el;q=0.8","if-none-match":"W/\"1ac-dchjavZ+w64PCrpFQ7v3I48GOLU\""},"query":{"key":"**REDACTED**","limit":"all"}},"res":{"_headers":{"x-powered-by":"Express","content-version":"v5.118","vary":"Accept-Version","cache-control":"public, max-age=0","access-control-allow-origin":"*","etag":"W/\"1ac-dchjavZ+w64PCrpFQ7v3I48GOLU\""},"statusCode":304,"responseTime":"9ms"},"msg":"","time":"2025-05-02T19:45:43.900Z","v":0}
{"name":"Log","hostname":"raspb5","pid":7605,"level":30,"version":"5.118.1","worker":{"resourceLimits":{"maxYoungGenerationSizeMb":48,"maxOldGenerationSizeMb":2048,"codeRangeSizeMb":0,"stackSizeMb":4},"threadId":2},"msg":"Worker for job \"mentions-email-report\" online","time":"2025-05-02T20:16:41.660Z","v":0}
{"name":"Log","hostname":"raspb5","pid":7605,"level":30,"version":"5.118.1","msg":"Worker for job mentions-email-report sent a message: done","time":"2025-05-02T20:16:41.672Z","v":0}
{"name":"Log","hostname":"raspb5","pid":7605,"level":30,"version":"5.118.1","req":{"meta":{"requestId":"e0523b50-c0aa-4bba-bd7e-6cf0f5ac6c4d","userId":null},"url":"/","method":"GET","originalUrl":"/","params":{},"headers":{"host":"ghost.freshspot.club","user-agent":"Mozilla/5.0 (Macintosh; Intel Mac OS X 10_15_7) AppleWebKit/537.36 (KHTML, like Gecko) Chrome/135.0.0.0 Safari/537.36","accept":"text/html,application/xhtml+xml,application/xml;q=0.9,image/avif,image/webp,image/apng,*/*;q=0.8,application/signed-exchange;v=b3;q=0.7","accept-encoding":"gzip, br","accept-language":"en-US,en;q=0.9,el;q=0.8","cdn-loop":"cloudflare; loops=1","cf-connecting-ip":"2a02:85f:ecc9:4c00:7:e275:844:4bdd","cf-ipcountry":"GR","cf-ray":"939a3877b928b271-SOF","cf-visitor":"{\"scheme\":\"https\"}","cf-warp-tag-id":"0fdcb5ba-8200-44a1-b1f1-8c8864903caf","connection":"keep-alive","cookie":"**REDACTED**","dnt":"1","priority":"u=0, i","sec-ch-ua":"\"Google Chrome\";v=\"135\", \"Not-A.Brand\";v=\"8\", \"Chromium\";v=\"135\"","sec-ch-ua-mobile":"?0","sec-ch-ua-platform":"\"macOS\"","sec-fetch-dest":"document","sec-fetch-mode":"navigate","sec-fetch-site":"none","sec-fetch-user":"?1","upgrade-insecure-requests":"1","x-forwarded-for":"2a02:85f:ecc9:4c00:7:e275:844:4bdd","x-forwarded-proto":"https"},"query":{}},"res":{"_headers":{"x-powered-by":"Express","cache-control":"public, max-age=0","content-type":"text/html; charset=utf-8","etag":"W/\"4370-kHGev2PCfdgmrbrazR6rnnzPlUE\"","vary":"Accept-Encoding","content-encoding":"br"},"statusCode":200,"responseTime":"117ms"},"msg":"","time":"2025-05-02T20:20:40.467Z","v":0}
{"name":"Log","hostname":"raspb5","pid":7605,"level":30,"version":"5.118.1","req":{"meta":{"requestId":"158806f0-bb08-4906-a5e6-4abe2c0fe033","userId":null},"url":"/api/member/","method":"GET","originalUrl":"/members/api/member/","params":{},"headers":{"host":"localhost:2368","connection":"keep-alive","sec-ch-ua-platform":"\"macOS\"","user-agent":"Mozilla/5.0 (Macintosh; Intel Mac OS X 10_15_7) AppleWebKit/537.36 (KHTML, like Gecko) Chrome/135.0.0.0 Safari/537.36","sec-ch-ua":"\"Google Chrome\";v=\"135\", \"Not-A.Brand\";v=\"8\", \"Chromium\";v=\"135\"","dnt":"1","sec-ch-ua-mobile":"?0","accept":"*/*","origin":"https://ghost.freshspot.club","sec-fetch-site":"cross-site","sec-fetch-mode":"cors","sec-fetch-dest":"empty","accept-encoding":"gzip, deflate, br, zstd","accept-language":"en-US,en;q=0.9,el;q=0.8"},"query":{}},"res":{"_headers":{"x-powered-by":"Express","cache-control":"no-cache, private, no-store, must-revalidate, max-stale=0, post-check=0, pre-check=0","access-control-allow-origin":"*"},"statusCode":204,"responseTime":"1ms"},"msg":"","time":"2025-05-02T20:20:41.020Z","v":0}
{"name":"Log","hostname":"raspb5","pid":7605,"level":30,"version":"5.118.1","req":{"meta":{"requestId":"4abdb7c8-1324-4631-ba23-d1c07f792ddd","userId":null},"url":"/tiers/?key=64e443634f8673b87668a1dd0f&limit=all&include=monthly_price,yearly_price,benefits","method":"GET","originalUrl":"/ghost/api/content/tiers/?key=64e443634f8673b87668a1dd0f&limit=all&include=monthly_price,yearly_price,benefits","params":{},"headers":{"host":"localhost:2368","connection":"keep-alive","sec-ch-ua-platform":"\"macOS\"","user-agent":"Mozilla/5.0 (Macintosh; Intel Mac OS X 10_15_7) AppleWebKit/537.36 (KHTML, like Gecko) Chrome/135.0.0.0 Safari/537.36","sec-ch-ua":"\"Google Chrome\";v=\"135\", \"Not-A.Brand\";v=\"8\", \"Chromium\";v=\"135\"","dnt":"1","content-type":"application/json","sec-ch-ua-mobile":"?0","accept":"*/*","origin":"https://ghost.freshspot.club","sec-fetch-site":"cross-site","sec-fetch-mode":"cors","sec-fetch-dest":"empty","accept-encoding":"gzip, deflate, br, zstd","accept-language":"en-US,en;q=0.9,el;q=0.8","if-none-match":"W/\"2c1-WbE0caYTEA9av6w1gbOLfNRfgh4\""},"query":{"key":"**REDACTED**","limit":"all","include":"monthly_price,yearly_price,benefits"}},"res":{"_headers":{"x-powered-by":"Express","content-version":"v5.118","vary":"Accept-Version","cache-control":"public, max-age=0","access-control-allow-origin":"*","etag":"W/\"2c1-WbE0caYTEA9av6w1gbOLfNRfgh4\""},"statusCode":304,"responseTime":"11ms"},"msg":"","time":"2025-05-02T20:20:41.056Z","v":0}
{"name":"Log","hostname":"raspb5","pid":7605,"level":30,"version":"5.118.1","req":{"meta":{"requestId":"3e2007fb-f6bb-4b17-b8d8-d94c53e24e0b","userId":null},"url":"/settings/?key=64e443634f8673b87668a1dd0f&limit=all","method":"GET","originalUrl":"/ghost/api/content/settings/?key=64e443634f8673b87668a1dd0f&limit=all","params":{},"headers":{"host":"localhost:2368","connection":"keep-alive","sec-ch-ua-platform":"\"macOS\"","user-agent":"Mozilla/5.0 (Macintosh; Intel Mac OS X 10_15_7) AppleWebKit/537.36 (KHTML, like Gecko) Chrome/135.0.0.0 Safari/537.36","sec-ch-ua":"\"Google Chrome\";v=\"135\", \"Not-A.Brand\";v=\"8\", \"Chromium\";v=\"135\"","dnt":"1","content-type":"application/json","sec-ch-ua-mobile":"?0","accept":"*/*","origin":"https://ghost.freshspot.club","sec-fetch-site":"cross-site","sec-fetch-mode":"cors","sec-fetch-dest":"empty","accept-encoding":"gzip, deflate, br, zstd","accept-language":"en-US,en;q=0.9,el;q=0.8","if-none-match":"W/\"592-5Acf3c9y5SOfZQNX6Wnt1/qMm8A\""},"query":{"key":"**REDACTED**","limit":"all"}},"res":{"_headers":{"x-powered-by":"Express","content-version":"v5.118","vary":"Accept-Version","cache-control":"public, max-age=0","access-control-allow-origin":"*","etag":"W/\"592-5Acf3c9y5SOfZQNX6Wnt1/qMm8A\""},"statusCode":304,"responseTime":"12ms"},"msg":"","time":"2025-05-02T20:20:41.060Z","v":0}
{"name":"Log","hostname":"raspb5","pid":7605,"level":30,"version":"5.118.1","req":{"meta":{"requestId":"e8c46f19-9943-4cce-93ae-0b3330396657","userId":null},"url":"/newsletters/?key=64e443634f8673b87668a1dd0f&limit=all","method":"GET","originalUrl":"/ghost/api/content/newsletters/?key=64e443634f8673b87668a1dd0f&limit=all","params":{},"headers":{"host":"localhost:2368","connection":"keep-alive","sec-ch-ua-platform":"\"macOS\"","user-agent":"Mozilla/5.0 (Macintosh; Intel Mac OS X 10_15_7) AppleWebKit/537.36 (KHTML, like Gecko) Chrome/135.0.0.0 Safari/537.36","sec-ch-ua":"\"Google Chrome\";v=\"135\", \"Not-A.Brand\";v=\"8\", \"Chromium\";v=\"135\"","dnt":"1","content-type":"application/json","sec-ch-ua-mobile":"?0","accept":"*/*","origin":"https://ghost.freshspot.club","sec-fetch-site":"cross-site","sec-fetch-mode":"cors","sec-fetch-dest":"empty","accept-encoding":"gzip, deflate, br, zstd","accept-language":"en-US,en;q=0.9,el;q=0.8","if-none-match":"W/\"1ac-dchjavZ+w64PCrpFQ7v3I48GOLU\""},"query":{"key":"**REDACTED**","limit":"all"}},"res":{"_headers":{"x-powered-by":"Express","content-version":"v5.118","vary":"Accept-Version","cache-control":"public, max-age=0","access-control-allow-origin":"*","etag":"W/\"1ac-dchjavZ+w64PCrpFQ7v3I48GOLU\""},"statusCode":304,"responseTime":"10ms"},"msg":"","time":"2025-05-02T20:20:41.122Z","v":0}
